{
    "version": "0.4",
    "title": "404",
    "type": "error-404",
    "metadata": {
        "template_type": "single-404",
        "include_in_zip": "1",
        "elementor_pro_required": "1",
        "elementor_library_type": "error-404",
        "elementor_pro_conditions": [
            "include\/singular\/not_found404"
        ],
        "additional_template_information": [
            "This is a \"Error 404\" template for Elementor Pro.",
            "This template will display on: 404 Page."
        ],
        "wp_page_template": "default"
    },
    "content": [
        {
            "id": "59a53482",
            "settings": {
                "flex_gap": {
                    "column": "0",
                    "row": "0",
                    "isLinked": true,
                    "unit": "px",
                    "size": 0
                },
                "margin": {
                    "unit": "px",
                    "top": "100",
                    "right": "0",
                    "bottom": "100",
                    "left": "0",
                    "isLinked": false
                }
            },
            "elements": [
                {
                    "id": "56174d7d",
                    "settings": {
                        "flex_direction": "row",
                        "flex_gap": {
                            "column": "0",
                            "row": "0",
                            "isLinked": true,
                            "unit": "px",
                            "size": 0
                        },
                        "background_background": "classic",
                        "border_radius": {
                            "unit": "px",
                            "top": "40",
                            "right": "40",
                            "bottom": "40",
                            "left": "40",
                            "isLinked": true
                        },
                        "padding": {
                            "unit": "px",
                            "top": "0",
                            "right": "0",
                            "bottom": "0",
                            "left": "0",
                            "isLinked": true
                        },
                        "__globals__": {
                            "background_color": "globals\/colors?id=0c9653f"
                        }
                    },
                    "elements": [
                        {
                            "id": "970e9d7",
                            "settings": {
                                "content_width": "full",
                                "width": {
                                    "unit": "%",
                                    "size": 33.3333,
                                    "sizes": []
                                },
                                "flex_justify_content": "center",
                                "background_background": "classic",
                                "border_radius": {
                                    "unit": "px",
                                    "top": "40",
                                    "right": "40",
                                    "bottom": "40",
                                    "left": "40",
                                    "isLinked": true
                                },
                                "padding": {
                                    "unit": "px",
                                    "top": "50",
                                    "right": "50",
                                    "bottom": "50",
                                    "left": "50",
                                    "isLinked": true
                                },
                                "__globals__": {
                                    "background_color": "globals\/colors?id=84ab9b4"
                                }
                            },
                            "elements": [
                                {
                                    "id": "1bab2be",
                                    "settings": {
                                        "image": {
                                            "url": "http:\/\/eco.astylers.com\/bibishup\/wp-content\/uploads\/sites\/2\/2024\/02\/image1070.png",
                                            "id": 1480,
                                            "size": "",
                                            "alt": "",
                                            "source": "library"
                                        },
                                        "image_size": "full"
                                    },
                                    "elements": [],
                                    "isInner": false,
                                    "widgetType": "image",
                                    "elType": "widget"
                                }
                            ],
                            "isInner": true,
                            "elType": "container"
                        },
                        {
                            "id": "614eb224",
                            "settings": {
                                "content_width": "full",
                                "width": {
                                    "unit": "%",
                                    "size": 66.6666,
                                    "sizes": []
                                },
                                "background_background": "classic",
                                "padding": {
                                    "unit": "px",
                                    "top": "30",
                                    "right": "30",
                                    "bottom": "30",
                                    "left": "30",
                                    "isLinked": true
                                },
                                "__globals__": {
                                    "background_color": ""
                                },
                                "flex_justify_content": "center"
                            },
                            "elements": [
                                {
                                    "id": "b338d",
                                    "settings": {
                                        "title": "404"
                                    },
                                    "elements": [],
                                    "isInner": false,
                                    "widgetType": "heading",
                                    "elType": "widget"
                                },
                                {
                                    "id": "5424a2f1",
                                    "settings": {
                                        "title": "Oops, Page Not Found"
                                    },
                                    "elements": [],
                                    "isInner": false,
                                    "widgetType": "heading",
                                    "elType": "widget"
                                },
                                {
                                    "id": "48d0fbaa",
                                    "settings": [],
                                    "elements": [],
                                    "isInner": false,
                                    "widgetType": "text-editor",
                                    "elType": "widget"
                                },
                                {
                                    "id": "50298f20",
                                    "settings": {
                                        "text": "Back To Home"
                                    },
                                    "elements": [],
                                    "isInner": false,
                                    "widgetType": "button",
                                    "elType": "widget"
                                }
                            ],
                            "isInner": true,
                            "elType": "container"
                        }
                    ],
                    "isInner": true,
                    "elType": "container"
                }
            ],
            "isInner": false,
            "elType": "container"
        }
    ]
}