{
    "version": "0.4",
    "title": "About",
    "type": "page",
    "metadata": {
        "template_type": "single-page",
        "include_in_zip": "1",
        "elementor_pro_required": "1",
        "wp_page_template": "elementor_header_footer"
    },
    "content": [
        {
            "id": "2ee8ada2",
            "settings": {
                "background_background": "classic",
                "background_image": {
                    "url": "http:\/\/eco.astylers.com\/bibishup\/wp-content\/uploads\/sites\/2\/2023\/12\/image18941-1.jpg",
                    "id": 1450,
                    "size": "",
                    "alt": "",
                    "source": "library"
                },
                "padding": {
                    "unit": "px",
                    "top": "180",
                    "right": "0",
                    "bottom": "40",
                    "left": "0",
                    "isLinked": false
                },
                "__globals__": {
                    "background_color": ""
                },
                "background_position": "center center",
                "background_ypos": {
                    "unit": "px",
                    "size": -380,
                    "sizes": []
                },
                "background_repeat": "no-repeat",
                "background_size": "cover",
                "padding_tablet": {
                    "unit": "px",
                    "top": "180",
                    "right": "20",
                    "bottom": "40",
                    "left": "20",
                    "isLinked": false
                }
            },
            "elements": [
                {
                    "id": "348cf206",
                    "settings": {
                        "title": "About Us",
                        "align": "center",
                        "__globals__": {
                            "title_color": ""
                        }
                    },
                    "elements": [],
                    "isInner": false,
                    "widgetType": "heading",
                    "elType": "widget"
                }
            ],
            "isInner": false,
            "elType": "container"
        },
        {
            "id": "51b2438a",
            "settings": {
                "flex_direction": "row",
                "flex_gap": {
                    "unit": "px",
                    "size": 0,
                    "column": "0",
                    "row": "0",
                    "isLinked": false
                },
                "margin": {
                    "unit": "px",
                    "top": "100",
                    "right": "0",
                    "bottom": "100",
                    "left": "0",
                    "isLinked": false
                },
                "flex_direction_tablet": "column",
                "padding_tablet": {
                    "unit": "px",
                    "top": "0",
                    "right": "20",
                    "bottom": "0",
                    "left": "20",
                    "isLinked": false
                }
            },
            "elements": [
                {
                    "id": "14309b0f",
                    "settings": {
                        "content_width": "full",
                        "width": {
                            "unit": "%",
                            "size": "50"
                        },
                        "flex_direction": "row",
                        "flex_gap": {
                            "column": "0",
                            "row": "0",
                            "isLinked": false,
                            "unit": "px",
                            "size": 0
                        },
                        "padding": {
                            "unit": "px",
                            "top": "0",
                            "right": "0",
                            "bottom": "0",
                            "left": "0",
                            "isLinked": true
                        },
                        "width_tablet": {
                            "unit": "%",
                            "size": 100,
                            "sizes": []
                        },
                        "width_mobile": {
                            "unit": "%",
                            "size": "",
                            "sizes": []
                        },
                        "margin_tablet": {
                            "unit": "px",
                            "top": "0",
                            "right": "0",
                            "bottom": "30",
                            "left": "0",
                            "isLinked": false
                        }
                    },
                    "elements": [
                        {
                            "id": "325ff292",
                            "settings": {
                                "animation": "fadeInLeft",
                                "animation_duration": "slow",
                                "content_width": "full",
                                "width_tablet": {
                                    "unit": "%",
                                    "size": 50,
                                    "sizes": []
                                },
                                "width_mobile": {
                                    "unit": "%",
                                    "size": "",
                                    "sizes": []
                                }
                            },
                            "elements": [
                                {
                                    "id": "771c3800",
                                    "settings": {
                                        "image": {
                                            "url": "http:\/\/eco.astylers.com\/bibishup\/wp-content\/uploads\/sites\/2\/2023\/12\/image130511.jpg",
                                            "id": 1440,
                                            "size": "",
                                            "alt": "",
                                            "source": "library"
                                        },
                                        "image_size": "full",
                                        "image_border_radius": {
                                            "unit": "px",
                                            "top": "20",
                                            "right": "20",
                                            "bottom": "20",
                                            "left": "20",
                                            "isLinked": true
                                        }
                                    },
                                    "elements": [],
                                    "isInner": false,
                                    "widgetType": "image",
                                    "elType": "widget"
                                },
                                {
                                    "id": "7b170ca8",
                                    "settings": {
                                        "image": {
                                            "url": "http:\/\/eco.astylers.com\/bibishup\/wp-content\/uploads\/sites\/2\/2023\/12\/image1v269.png",
                                            "id": 1443,
                                            "size": "",
                                            "alt": "",
                                            "source": "library"
                                        },
                                        "image_size": "full",
                                        "image_border_radius": {
                                            "unit": "px",
                                            "top": "20",
                                            "right": "20",
                                            "bottom": "20",
                                            "left": "20",
                                            "isLinked": true
                                        }
                                    },
                                    "elements": [],
                                    "isInner": false,
                                    "widgetType": "image",
                                    "elType": "widget"
                                }
                            ],
                            "isInner": true,
                            "elType": "container"
                        },
                        {
                            "id": "60e3e8a4",
                            "settings": {
                                "animation": "fadeInLeft",
                                "content_width": "full",
                                "width_tablet": {
                                    "unit": "%",
                                    "size": 50,
                                    "sizes": []
                                },
                                "width_mobile": {
                                    "unit": "%",
                                    "size": "",
                                    "sizes": []
                                }
                            },
                            "elements": [
                                {
                                    "id": "559b56a2",
                                    "settings": {
                                        "image": {
                                            "url": "http:\/\/eco.astylers.com\/bibishup\/wp-content\/uploads\/sites\/2\/2023\/12\/image1555.png",
                                            "id": 1442,
                                            "size": "",
                                            "alt": "",
                                            "source": "library"
                                        },
                                        "image_size": "full",
                                        "image_border_radius": {
                                            "unit": "px",
                                            "top": "20",
                                            "right": "20",
                                            "bottom": "20",
                                            "left": "20",
                                            "isLinked": true
                                        },
                                        "_flex_order_mobile": "end"
                                    },
                                    "elements": [],
                                    "isInner": false,
                                    "widgetType": "image",
                                    "elType": "widget"
                                },
                                {
                                    "id": "3962e968",
                                    "settings": {
                                        "image": {
                                            "url": "http:\/\/eco.astylers.com\/bibishup\/wp-content\/uploads\/sites\/2\/2023\/12\/image125711.jpg",
                                            "id": 1439,
                                            "size": "",
                                            "alt": "",
                                            "source": "library"
                                        },
                                        "image_size": "full",
                                        "image_border_radius": {
                                            "unit": "px",
                                            "top": "20",
                                            "right": "20",
                                            "bottom": "20",
                                            "left": "20",
                                            "isLinked": true
                                        }
                                    },
                                    "elements": [],
                                    "isInner": false,
                                    "widgetType": "image",
                                    "elType": "widget"
                                }
                            ],
                            "isInner": true,
                            "elType": "container"
                        }
                    ],
                    "isInner": true,
                    "elType": "container"
                },
                {
                    "id": "683b8e98",
                    "settings": {
                        "content_width": "full",
                        "width": {
                            "unit": "%",
                            "size": "50"
                        },
                        "padding": {
                            "unit": "px",
                            "top": 0,
                            "right": 0,
                            "bottom": 0,
                            "left": 0,
                            "isLinked": true
                        },
                        "flex_gap": {
                            "unit": "px",
                            "size": 0,
                            "column": "0",
                            "row": "0"
                        },
                        "width_tablet": {
                            "unit": "%",
                            "size": 100,
                            "sizes": []
                        },
                        "width_mobile": {
                            "unit": "%",
                            "size": "",
                            "sizes": []
                        }
                    },
                    "elements": [
                        {
                            "id": "757bb039",
                            "settings": {
                                "animation_delay": 500,
                                "margin_tablet": {
                                    "unit": "px",
                                    "top": "0",
                                    "right": "0",
                                    "bottom": "30",
                                    "left": "0",
                                    "isLinked": false
                                },
                                "animation": "fadeInRight"
                            },
                            "elements": [
                                {
                                    "id": "1cc57cc2",
                                    "settings": {
                                        "title": "Your child's comfort and safety is our responsibility",
                                        "typography_font_family": "Grandstander"
                                    },
                                    "elements": [],
                                    "isInner": false,
                                    "widgetType": "heading",
                                    "elType": "widget"
                                },
                                {
                                    "id": "afd3be7",
                                    "settings": [],
                                    "elements": [],
                                    "isInner": false,
                                    "widgetType": "text-editor",
                                    "elType": "widget"
                                },
                                {
                                    "id": "1a631ff7",
                                    "settings": {
                                        "text": "Contact Us"
                                    },
                                    "elements": [],
                                    "isInner": false,
                                    "widgetType": "button",
                                    "elType": "widget"
                                }
                            ],
                            "isInner": true,
                            "elType": "container"
                        },
                        {
                            "id": "4fbad464",
                            "settings": {
                                "background_background": "classic",
                                "border_radius": {
                                    "unit": "px",
                                    "top": "20",
                                    "right": "20",
                                    "bottom": "20",
                                    "left": "20",
                                    "isLinked": true
                                },
                                "margin": {
                                    "unit": "px",
                                    "top": "10",
                                    "right": "10",
                                    "bottom": "10",
                                    "left": "10",
                                    "isLinked": true
                                },
                                "padding": {
                                    "unit": "px",
                                    "top": "30",
                                    "right": "30",
                                    "bottom": "30",
                                    "left": "30",
                                    "isLinked": true
                                },
                                "_flex_size": "grow",
                                "__globals__": {
                                    "background_color": "globals\/colors?id=84ab9b4"
                                },
                                "margin_tablet": {
                                    "unit": "px",
                                    "top": "0",
                                    "right": "0",
                                    "bottom": "0",
                                    "left": "0",
                                    "isLinked": true
                                },
                                "animation": "fadeInRight"
                            },
                            "elements": [
                                {
                                    "id": "7ced613f",
                                    "settings": {
                                        "title": "Pulvinar dapibus leo.",
                                        "header_size": "h3",
                                        "__globals__": {
                                            "title_color": "globals\/colors?id=a2e875e"
                                        }
                                    },
                                    "elements": [],
                                    "isInner": false,
                                    "widgetType": "heading",
                                    "elType": "widget"
                                },
                                {
                                    "id": "a5874a4",
                                    "settings": {
                                        "icon_list": [
                                            {
                                                "text": "Ullamcorper mattis",
                                                "_id": "47298b9"
                                            },
                                            {
                                                "text": "Adipiscing elit",
                                                "_id": "b98bc88"
                                            },
                                            {
                                                "text": "Lectus nec",
                                                "_id": "5a088d7"
                                            }
                                        ],
                                        "space_between": {
                                            "unit": "px",
                                            "size": 15,
                                            "sizes": []
                                        },
                                        "icon_typography_typography": "custom",
                                        "icon_typography_font_family": "Nunito Sans",
                                        "icon_typography_font_size": {
                                            "unit": "rem",
                                            "size": 1.063,
                                            "sizes": []
                                        },
                                        "icon_typography_font_weight": "500",
                                        "icon_typography_line_height": {
                                            "unit": "em",
                                            "size": 1.2,
                                            "sizes": []
                                        },
                                        "__globals__": {
                                            "icon_typography_typography": "",
                                            "text_color": "globals\/colors?id=a2e875e",
                                            "icon_color": "globals\/colors?id=a2e875e"
                                        }
                                    },
                                    "elements": [],
                                    "isInner": false,
                                    "widgetType": "icon-list",
                                    "elType": "widget"
                                }
                            ],
                            "isInner": true,
                            "elType": "container"
                        }
                    ],
                    "isInner": true,
                    "elType": "container"
                }
            ],
            "isInner": false,
            "elType": "container"
        },
        {
            "id": "1e08eb4f",
            "settings": {
                "flex_direction": "row",
                "flex_gap": {
                    "unit": "px",
                    "size": 0,
                    "column": "0",
                    "row": "0"
                },
                "flex_wrap_tablet": "wrap"
            },
            "elements": [
                {
                    "id": "dfb99bc",
                    "settings": {
                        "flex_direction": "column",
                        "content_width": "full",
                        "width": {
                            "unit": "%",
                            "size": "25"
                        },
                        "width_tablet": {
                            "unit": "%",
                            "size": 50,
                            "sizes": []
                        },
                        "width_mobile": {
                            "unit": "%",
                            "size": "",
                            "sizes": []
                        },
                        "animation": "fadeInUp"
                    },
                    "elements": [
                        {
                            "id": "7254b307",
                            "settings": {
                                "selected_icon": {
                                    "value": "fas fa-check",
                                    "library": "fa-solid"
                                },
                                "view": "stacked",
                                "title_text": "Quality Control",
                                "description_text": "Lorem ipsum dolor sit amet, consectetur adipiscing elit.",
                                "primary_color": "#6DA4B0",
                                "icon_size": {
                                    "unit": "px",
                                    "size": 24,
                                    "sizes": []
                                },
                                "title_bottom_space": {
                                    "unit": "px",
                                    "size": 10,
                                    "sizes": []
                                },
                                "__globals__": {
                                    "primary_color": "globals\/colors?id=84ab9b4",
                                    "hover_primary_color": "",
                                    "hover_secondary_color": "globals\/colors?id=a2e875e"
                                }
                            },
                            "elements": [],
                            "isInner": false,
                            "widgetType": "icon-box",
                            "elType": "widget"
                        }
                    ],
                    "isInner": true,
                    "elType": "container"
                },
                {
                    "id": "20caed49",
                    "settings": {
                        "flex_direction": "column",
                        "content_width": "full",
                        "width": {
                            "unit": "%",
                            "size": "25"
                        },
                        "width_tablet": {
                            "unit": "%",
                            "size": 50,
                            "sizes": []
                        },
                        "width_mobile": {
                            "unit": "%",
                            "size": "",
                            "sizes": []
                        },
                        "animation": "fadeInUp",
                        "animation_delay": 100
                    },
                    "elements": [
                        {
                            "id": "128b9e38",
                            "settings": {
                                "selected_icon": {
                                    "value": "fas fa-shipping-fast",
                                    "library": "fa-solid"
                                },
                                "view": "stacked",
                                "title_text": "Fast Delivery",
                                "description_text": "Lorem ipsum dolor sit amet, consectetur adipiscing elit.",
                                "primary_color": "#6DA4B0",
                                "icon_size": {
                                    "unit": "px",
                                    "size": 24,
                                    "sizes": []
                                },
                                "title_bottom_space": {
                                    "unit": "px",
                                    "size": 10,
                                    "sizes": []
                                },
                                "__globals__": {
                                    "primary_color": "globals\/colors?id=84ab9b4",
                                    "hover_primary_color": "",
                                    "hover_secondary_color": "globals\/colors?id=a2e875e"
                                }
                            },
                            "elements": [],
                            "isInner": false,
                            "widgetType": "icon-box",
                            "elType": "widget"
                        }
                    ],
                    "isInner": true,
                    "elType": "container"
                },
                {
                    "id": "78d04de3",
                    "settings": {
                        "flex_direction": "column",
                        "content_width": "full",
                        "width": {
                            "unit": "%",
                            "size": "25"
                        },
                        "width_tablet": {
                            "unit": "%",
                            "size": 50,
                            "sizes": []
                        },
                        "width_mobile": {
                            "unit": "%",
                            "size": "",
                            "sizes": []
                        },
                        "animation": "fadeInUp",
                        "animation_delay": 200
                    },
                    "elements": [
                        {
                            "id": "17009202",
                            "settings": {
                                "selected_icon": {
                                    "value": "fas fa-award",
                                    "library": "fa-solid"
                                },
                                "view": "stacked",
                                "title_text": "Original Product",
                                "description_text": "Lorem ipsum dolor sit amet, consectetur adipiscing elit.",
                                "primary_color": "#6DA4B0",
                                "icon_size": {
                                    "unit": "px",
                                    "size": 24,
                                    "sizes": []
                                },
                                "title_bottom_space": {
                                    "unit": "px",
                                    "size": 10,
                                    "sizes": []
                                },
                                "__globals__": {
                                    "primary_color": "globals\/colors?id=84ab9b4",
                                    "hover_primary_color": "",
                                    "hover_secondary_color": "globals\/colors?id=a2e875e"
                                }
                            },
                            "elements": [],
                            "isInner": false,
                            "widgetType": "icon-box",
                            "elType": "widget"
                        }
                    ],
                    "isInner": true,
                    "elType": "container"
                },
                {
                    "id": "366226a0",
                    "settings": {
                        "flex_direction": "column",
                        "content_width": "full",
                        "width": {
                            "unit": "%",
                            "size": "25"
                        },
                        "width_tablet": {
                            "unit": "%",
                            "size": 50,
                            "sizes": []
                        },
                        "width_mobile": {
                            "unit": "%",
                            "size": "",
                            "sizes": []
                        },
                        "animation": "fadeInUp",
                        "animation_delay": 300
                    },
                    "elements": [
                        {
                            "id": "5359ab2a",
                            "settings": {
                                "selected_icon": {
                                    "value": "fas fa-headset",
                                    "library": "fa-solid"
                                },
                                "view": "stacked",
                                "title_text": "Support 24\/7",
                                "description_text": "Lorem ipsum dolor sit amet, consectetur adipiscing elit.",
                                "primary_color": "#6DA4B0",
                                "icon_size": {
                                    "unit": "px",
                                    "size": 24,
                                    "sizes": []
                                },
                                "title_bottom_space": {
                                    "unit": "px",
                                    "size": 10,
                                    "sizes": []
                                },
                                "__globals__": {
                                    "primary_color": "globals\/colors?id=84ab9b4",
                                    "hover_primary_color": "",
                                    "hover_secondary_color": "globals\/colors?id=a2e875e"
                                }
                            },
                            "elements": [],
                            "isInner": false,
                            "widgetType": "icon-box",
                            "elType": "widget"
                        }
                    ],
                    "isInner": true,
                    "elType": "container"
                }
            ],
            "isInner": false,
            "elType": "container"
        },
        {
            "id": "46f1f5f1",
            "settings": {
                "flex_direction": "row",
                "flex_gap": {
                    "unit": "px",
                    "size": null,
                    "column": "",
                    "row": "",
                    "isLinked": true
                },
                "margin": {
                    "unit": "px",
                    "top": "100",
                    "right": "0",
                    "bottom": "20",
                    "left": "0",
                    "isLinked": false
                },
                "margin_mobile": {
                    "unit": "px",
                    "top": "100",
                    "right": "0",
                    "bottom": "50",
                    "left": "0",
                    "isLinked": false
                },
                "padding_tablet": {
                    "unit": "px",
                    "top": "0",
                    "right": "20",
                    "bottom": "0",
                    "left": "20",
                    "isLinked": false
                }
            },
            "elements": [
                {
                    "id": "67a0b3fd",
                    "settings": {
                        "flex_direction": "column",
                        "content_width": "full",
                        "width": {
                            "unit": "%",
                            "size": "50"
                        },
                        "animation": "fadeInLeft"
                    },
                    "elements": [
                        {
                            "id": "280154b2",
                            "settings": {
                                "title": "OUR VISION",
                                "header_size": "h3"
                            },
                            "elements": [],
                            "isInner": false,
                            "widgetType": "heading",
                            "elType": "widget"
                        },
                        {
                            "id": "4734d2ee",
                            "settings": {
                                "text": "Divider",
                                "gap": {
                                    "unit": "px",
                                    "size": "",
                                    "sizes": []
                                },
                                "__globals__": {
                                    "color": "globals\/colors?id=3b5cda1"
                                }
                            },
                            "elements": [],
                            "isInner": false,
                            "widgetType": "divider",
                            "elType": "widget"
                        },
                        {
                            "id": "7665d379",
                            "settings": {
                                "title": "Make Parents the First School for Children"
                            },
                            "elements": [],
                            "isInner": false,
                            "widgetType": "heading",
                            "elType": "widget"
                        },
                        {
                            "id": "55b4c56a",
                            "settings": [],
                            "elements": [],
                            "isInner": false,
                            "widgetType": "text-editor",
                            "elType": "widget"
                        },
                        {
                            "id": "3450ad2c",
                            "settings": {
                                "text": "Read More"
                            },
                            "elements": [],
                            "isInner": false,
                            "widgetType": "button",
                            "elType": "widget"
                        }
                    ],
                    "isInner": true,
                    "elType": "container"
                },
                {
                    "id": "4ca13415",
                    "settings": {
                        "flex_direction": "column",
                        "content_width": "full",
                        "width": {
                            "unit": "%",
                            "size": "50"
                        },
                        "background_background": "classic",
                        "background_image": {
                            "url": "http:\/\/eco.astylers.com\/bibishup\/wp-content\/uploads\/sites\/2\/2023\/12\/imagfe829.jpg",
                            "id": 1435,
                            "size": "",
                            "alt": "",
                            "source": "library"
                        },
                        "background_position": "center center",
                        "background_repeat": "no-repeat",
                        "background_size": "cover",
                        "border_radius": {
                            "unit": "px",
                            "top": "20",
                            "right": "20",
                            "bottom": "20",
                            "left": "20",
                            "isLinked": true
                        },
                        "animation": "fadeInRight"
                    },
                    "elements": [
                        {
                            "id": "316360cd",
                            "settings": {
                                "space_mobile": {
                                    "unit": "px",
                                    "size": 250,
                                    "sizes": []
                                }
                            },
                            "elements": [],
                            "isInner": false,
                            "widgetType": "spacer",
                            "elType": "widget"
                        }
                    ],
                    "isInner": true,
                    "elType": "container"
                }
            ],
            "isInner": false,
            "elType": "container"
        },
        {
            "id": "4d357991",
            "settings": {
                "flex_direction": "row",
                "flex_gap": {
                    "unit": "px",
                    "size": null,
                    "column": "",
                    "row": "",
                    "isLinked": true
                },
                "margin": {
                    "unit": "px",
                    "top": "0",
                    "right": "0",
                    "bottom": "100",
                    "left": "0",
                    "isLinked": false
                },
                "padding_tablet": {
                    "unit": "px",
                    "top": "0",
                    "right": "20",
                    "bottom": "0",
                    "left": "20",
                    "isLinked": false
                }
            },
            "elements": [
                {
                    "id": "4d214c47",
                    "settings": {
                        "flex_direction": "column",
                        "content_width": "full",
                        "width": {
                            "unit": "%",
                            "size": "50"
                        },
                        "background_background": "classic",
                        "background_image": {
                            "url": "http:\/\/eco.astylers.com\/bibishup\/wp-content\/uploads\/sites\/2\/2023\/12\/image841.jpg",
                            "id": 1432,
                            "size": "",
                            "alt": "",
                            "source": "library"
                        },
                        "background_position": "center center",
                        "background_repeat": "no-repeat",
                        "background_size": "cover",
                        "border_radius": {
                            "unit": "px",
                            "top": "20",
                            "right": "20",
                            "bottom": "20",
                            "left": "20",
                            "isLinked": true
                        },
                        "_flex_order_mobile": "end",
                        "animation": "fadeInLeft"
                    },
                    "elements": [
                        {
                            "id": "1ee151",
                            "settings": {
                                "space_mobile": {
                                    "unit": "px",
                                    "size": 250,
                                    "sizes": []
                                }
                            },
                            "elements": [],
                            "isInner": false,
                            "widgetType": "spacer",
                            "elType": "widget"
                        }
                    ],
                    "isInner": true,
                    "elType": "container"
                },
                {
                    "id": "5fa9a45e",
                    "settings": {
                        "flex_direction": "column",
                        "content_width": "full",
                        "width": {
                            "unit": "%",
                            "size": "50"
                        },
                        "animation": "fadeInRight"
                    },
                    "elements": [
                        {
                            "id": "1b819c89",
                            "settings": {
                                "title": "OUR MISSION",
                                "header_size": "h3"
                            },
                            "elements": [],
                            "isInner": false,
                            "widgetType": "heading",
                            "elType": "widget"
                        },
                        {
                            "id": "2078e562",
                            "settings": {
                                "text": "Divider",
                                "gap": {
                                    "unit": "px",
                                    "size": "",
                                    "sizes": []
                                },
                                "__globals__": {
                                    "color": "globals\/colors?id=3b5cda1"
                                }
                            },
                            "elements": [],
                            "isInner": false,
                            "widgetType": "divider",
                            "elType": "widget"
                        },
                        {
                            "id": "320a0e51",
                            "settings": {
                                "selected_icon": {
                                    "value": "fas fa-shopping-cart",
                                    "library": "fa-solid"
                                },
                                "view": "stacked",
                                "title_text": "Baby Comfort",
                                "description_text": "Lorem ipsum dolor sit amet, consectetur adipiscing elit.",
                                "primary_color": "#6DA4B0",
                                "icon_size": {
                                    "unit": "px",
                                    "size": 24,
                                    "sizes": []
                                },
                                "title_bottom_space": {
                                    "unit": "px",
                                    "size": 10,
                                    "sizes": []
                                },
                                "__globals__": {
                                    "primary_color": "globals\/colors?id=84ab9b4",
                                    "hover_primary_color": "",
                                    "hover_secondary_color": "globals\/colors?id=a2e875e"
                                },
                                "position": "left"
                            },
                            "elements": [],
                            "isInner": false,
                            "widgetType": "icon-box",
                            "elType": "widget"
                        },
                        {
                            "id": "3d1dc31e",
                            "settings": {
                                "selected_icon": {
                                    "value": "fas fa-user-friends",
                                    "library": "fa-solid"
                                },
                                "view": "stacked",
                                "title_text": "Parental Happiness",
                                "description_text": "Lorem ipsum dolor sit amet, consectetur adipiscing elit.",
                                "primary_color": "#6DA4B0",
                                "icon_size": {
                                    "unit": "px",
                                    "size": 24,
                                    "sizes": []
                                },
                                "title_bottom_space": {
                                    "unit": "px",
                                    "size": 10,
                                    "sizes": []
                                },
                                "__globals__": {
                                    "primary_color": "globals\/colors?id=84ab9b4",
                                    "hover_primary_color": "",
                                    "hover_secondary_color": "globals\/colors?id=a2e875e"
                                },
                                "position": "left"
                            },
                            "elements": [],
                            "isInner": false,
                            "widgetType": "icon-box",
                            "elType": "widget"
                        },
                        {
                            "id": "3cb4eadf",
                            "settings": {
                                "text": "Read More"
                            },
                            "elements": [],
                            "isInner": false,
                            "widgetType": "button",
                            "elType": "widget"
                        }
                    ],
                    "isInner": true,
                    "elType": "container"
                }
            ],
            "isInner": false,
            "elType": "container"
        },
        {
            "id": "513bf26c",
            "settings": {
                "flex_gap": {
                    "column": "0",
                    "row": "0",
                    "isLinked": false,
                    "unit": "px",
                    "size": 0
                },
                "padding_tablet": {
                    "unit": "px",
                    "top": "0",
                    "right": "20",
                    "bottom": "0",
                    "left": "20",
                    "isLinked": false
                },
                "margin": {
                    "unit": "px",
                    "top": "0",
                    "right": "0",
                    "bottom": "100",
                    "left": "0",
                    "isLinked": false
                }
            },
            "elements": [
                {
                    "id": "1aecab71",
                    "settings": {
                        "slides": [
                            {
                                "content": "Lorem ipsum dolor sit amet, consectetur adipiscing elit. Ut elit tellus, luctus nec ullamcorper mattis, pulvinar dapibus leo.",
                                "name": "John Doe",
                                "title": "CEO",
                                "image": {
                                    "url": "",
                                    "id": ""
                                },
                                "_id": "b7d9537"
                            },
                            {
                                "content": "Lorem ipsum dolor sit amet, consectetur adipiscing elit. Ut elit tellus, luctus nec ullamcorper mattis, pulvinar dapibus leo.",
                                "name": "Jonathan Doe",
                                "title": "CEO",
                                "image": {
                                    "url": "",
                                    "id": ""
                                },
                                "_id": "3ca1c2d"
                            },
                            {
                                "content": "Lorem ipsum dolor sit amet, consectetur adipiscing elit. Ut elit tellus, luctus nec ullamcorper mattis, pulvinar dapibus leo.",
                                "name": "Mark Doe",
                                "title": "CEO",
                                "image": {
                                    "url": "",
                                    "id": ""
                                },
                                "_id": "d31602b"
                            },
                            {
                                "content": "Lorem ipsum dolor sit amet, consectetur adipiscing elit. Ut elit tellus, luctus nec ullamcorper mattis, pulvinar dapibus leo.",
                                "name": "John Roe",
                                "title": "CEO",
                                "image": {
                                    "url": "",
                                    "id": ""
                                },
                                "_id": "93ed200"
                            }
                        ],
                        "slides_per_view": "2",
                        "slides_to_scroll": "1",
                        "width": {
                            "unit": "%",
                            "size": 100,
                            "sizes": []
                        },
                        "show_arrows": "",
                        "pagination": "",
                        "space_between": {
                            "unit": "px",
                            "size": 20,
                            "sizes": []
                        },
                        "slide_border_radius": {
                            "unit": "px",
                            "size": 20,
                            "sizes": []
                        },
                        "slide_padding": {
                            "unit": "px",
                            "top": "37",
                            "right": "37",
                            "bottom": "37",
                            "left": "37",
                            "isLinked": true
                        },
                        "__globals__": {
                            "slide_background_color": "globals\/colors?id=0c9653f"
                        }
                    },
                    "elements": [],
                    "isInner": false,
                    "widgetType": "testimonial-carousel",
                    "elType": "widget"
                }
            ],
            "isInner": false,
            "elType": "container"
        }
    ]
}