{
    "version": "0.4",
    "title": "Blog",
    "type": "page",
    "metadata": {
        "template_type": "single-page",
        "include_in_zip": "1",
        "elementor_pro_required": "1",
        "wp_page_template": "elementor_header_footer"
    },
    "content": [
        {
            "id": "1afec2cf",
            "settings": {
                "background_background": "classic",
                "background_image": {
                    "url": "http:\/\/eco.astylers.com\/bibishup\/wp-content\/uploads\/sites\/2\/2023\/12\/image18941-1.jpg",
                    "id": 1450,
                    "size": "",
                    "alt": "",
                    "source": "library"
                },
                "padding": {
                    "unit": "px",
                    "top": "180",
                    "right": "0",
                    "bottom": "40",
                    "left": "0",
                    "isLinked": false
                },
                "__globals__": {
                    "background_color": ""
                },
                "background_position": "center center",
                "background_ypos": {
                    "unit": "px",
                    "size": -380,
                    "sizes": []
                },
                "background_repeat": "no-repeat",
                "background_size": "cover",
                "padding_tablet": {
                    "unit": "px",
                    "top": "180",
                    "right": "20",
                    "bottom": "40",
                    "left": "20",
                    "isLinked": false
                }
            },
            "elements": [
                {
                    "id": "3b7fc625",
                    "settings": {
                        "title": "Blog",
                        "align": "center"
                    },
                    "elements": [],
                    "isInner": false,
                    "widgetType": "heading",
                    "elType": "widget"
                }
            ],
            "isInner": false,
            "elType": "container"
        },
        {
            "id": "4a5756f8",
            "settings": {
                "margin": {
                    "unit": "px",
                    "top": "100",
                    "right": "0",
                    "bottom": "100",
                    "left": "0",
                    "isLinked": false
                },
                "padding_tablet": {
                    "unit": "px",
                    "top": "0",
                    "right": "20",
                    "bottom": "0",
                    "left": "20",
                    "isLinked": false
                }
            },
            "elements": [
                {
                    "id": "48e2b770",
                    "settings": {
                        "classic_meta_separator": "-",
                        "classic_read_more_text": "Read More \u00bb",
                        "cards_meta_separator": "\u2022",
                        "cards_read_more_text": "Read More \u00bb",
                        "full_content_meta_separator": "\/\/\/",
                        "pagination_page_limit": "5",
                        "pagination_prev_label": "&laquo; Previous",
                        "pagination_next_label": "Next &raquo;",
                        "text": "Load More",
                        "load_more_no_posts_custom_message": "No more posts to show",
                        "classic_columns": "1",
                        "classic_thumbnail": "right",
                        "classic_thumbnail_size_size": "full",
                        "classic_item_ratio": {
                            "unit": "px",
                            "size": 0.59,
                            "sizes": []
                        },
                        "classic_image_width": {
                            "unit": "%",
                            "size": 30,
                            "sizes": []
                        },
                        "classic_excerpt_length": 50,
                        "classic_columns_tablet": "1",
                        "classic_item_ratio_tablet": {
                            "unit": "px",
                            "size": 1,
                            "sizes": []
                        },
                        "classic_image_width_tablet": {
                            "unit": "%",
                            "size": 35,
                            "sizes": []
                        },
                        "classic_image_width_mobile": {
                            "unit": "%",
                            "size": 0,
                            "sizes": []
                        },
                        "classic_box_border_radius": {
                            "unit": "px",
                            "size": 20,
                            "sizes": []
                        },
                        "classic_box_padding": {
                            "unit": "px",
                            "top": "30",
                            "right": "30",
                            "bottom": "30",
                            "left": "30",
                            "isLinked": true
                        },
                        "classic_img_border_radius": {
                            "unit": "px",
                            "top": "20",
                            "right": "20",
                            "bottom": "20",
                            "left": "20",
                            "isLinked": true
                        },
                        "classic_title_spacing": {
                            "unit": "px",
                            "size": 5,
                            "sizes": []
                        },
                        "__globals__": {
                            "classic_title_typography_typography": "globals\/typography?id=cdb430a",
                            "classic_box_bg_color": "globals\/colors?id=0c9653f",
                            "classic_read_more_typography_typography": "globals\/typography?id=5a6f1d3",
                            "classic_read_more_color": "globals\/colors?id=accent"
                        }
                    },
                    "elements": [],
                    "isInner": false,
                    "widgetType": "posts",
                    "elType": "widget"
                }
            ],
            "isInner": false,
            "elType": "container"
        }
    ]
}