{
    "version": "0.4",
    "title": "Cart",
    "type": "single-page",
    "metadata": {
        "template_type": "single-page",
        "include_in_zip": "1",
        "elementor_pro_required": "1",
        "elementor_library_type": "single-page",
        "elementor_pro_conditions": [
            "include\/singular\/page\/6"
        ],
        "additional_template_information": [
            "This is a \"Single Page\" template for Elementor Pro.",
            "This template will display on: Page #6."
        ],
        "wp_page_template": "default"
    },
    "content": [
        {
            "id": "6e523014",
            "settings": {
                "background_background": "classic",
                "background_image": {
                    "url": "http:\/\/eco.astylers.com\/bibishup\/wp-content\/uploads\/sites\/2\/2023\/12\/image18941-1.jpg",
                    "id": 1450,
                    "size": "",
                    "alt": "",
                    "source": "library"
                },
                "padding": {
                    "unit": "px",
                    "top": "180",
                    "right": "0",
                    "bottom": "40",
                    "left": "0",
                    "isLinked": false
                },
                "__globals__": {
                    "background_color": ""
                },
                "background_position": "center center",
                "background_ypos": {
                    "unit": "px",
                    "size": -380,
                    "sizes": []
                },
                "background_repeat": "no-repeat",
                "background_size": "cover",
                "padding_tablet": {
                    "unit": "px",
                    "top": "180",
                    "right": "20",
                    "bottom": "40",
                    "left": "20",
                    "isLinked": false
                }
            },
            "elements": [
                {
                    "id": "14bbcf75",
                    "settings": {
                        "title": "Cart",
                        "align": "center",
                        "__globals__": {
                            "title_color": ""
                        }
                    },
                    "elements": [],
                    "isInner": false,
                    "widgetType": "heading",
                    "elType": "widget"
                }
            ],
            "isInner": false,
            "elType": "container"
        },
        {
            "id": "2e2e6fea",
            "settings": {
                "margin": {
                    "unit": "px",
                    "top": "100",
                    "right": "0",
                    "bottom": "100",
                    "left": "0",
                    "isLinked": false
                },
                "padding_tablet": {
                    "unit": "px",
                    "top": "0",
                    "right": "20",
                    "bottom": "0",
                    "left": "20",
                    "isLinked": false
                }
            },
            "elements": [
                {
                    "id": "2a5b6723",
                    "settings": {
                        "update_cart_button_text": "Update Cart",
                        "apply_coupon_button_text": "Apply coupon",
                        "totals_section_title": "Cart Totals",
                        "update_shipping_button_text": "Update",
                        "checkout_button_text": "Proceed to Checkout",
                        "sections_border_color": "#A1A1A1",
                        "forms_button_typography_typography": "custom",
                        "forms_button_typography_font_family": "Nunito Sans",
                        "forms_button_typography_font_size": {
                            "unit": "rem",
                            "size": 0.9,
                            "sizes": []
                        },
                        "forms_button_typography_font_weight": "800",
                        "forms_button_typography_text_transform": "uppercase",
                        "forms_button_typography_letter_spacing": {
                            "unit": "px",
                            "size": 0.3,
                            "sizes": []
                        },
                        "forms_buttons_normal_text_color": "#FFFFFF",
                        "forms_buttons_normal_background_background": "classic",
                        "forms_buttons_normal_background_color": "#F6985B",
                        "forms_buttons_border_type": "none",
                        "forms_buttons_border_radius": {
                            "unit": "px",
                            "top": "30",
                            "right": "30",
                            "bottom": "30",
                            "left": "30",
                            "isLinked": true
                        },
                        "checkout_button_typography_typography": "custom",
                        "checkout_button_typography_font_family": "Nunito Sans",
                        "checkout_button_typography_font_size": {
                            "unit": "rem",
                            "size": 0.9,
                            "sizes": []
                        },
                        "checkout_button_typography_font_weight": "800",
                        "checkout_button_typography_text_transform": "uppercase",
                        "checkout_button_typography_letter_spacing": {
                            "unit": "px",
                            "size": 0.3,
                            "sizes": []
                        },
                        "checkout_button_normal_background_background": "classic",
                        "checkout_button_normal_background_color": "#F6985B",
                        "checkout_button_border_border": "none",
                        "checkout_button_border_radius": {
                            "unit": "px",
                            "top": "30",
                            "right": "30",
                            "bottom": "30",
                            "left": "30",
                            "isLinked": true
                        },
                        "__globals__": {
                            "sections_border_color": "globals\/colors?id=3b5cda1",
                            "forms_buttons_normal_background_color": "globals\/colors?id=accent",
                            "forms_button_typography_typography": "globals\/typography?id=accent",
                            "forms_buttons_normal_text_color": "globals\/colors?id=a2e875e",
                            "checkout_button_typography_typography": "globals\/typography?id=accent",
                            "checkout_button_normal_background_color": "globals\/colors?id=accent",
                            "sections_titles_typography_typography": "globals\/typography?id=text",
                            "totals_typography_typography": "globals\/typography?id=text",
                            "forms_buttons_hover_background_color": "globals\/colors?id=84ab9b4",
                            "forms_buttons_hover_text_color": "globals\/colors?id=a2e875e",
                            "checkout_button_hover_background_color": "globals\/colors?id=84ab9b4",
                            "checkout_button_hover_text_color": "globals\/colors?id=a2e875e"
                        },
                        "forms_buttons_hover_background_background": "classic",
                        "checkout_button_hover_background_background": "classic"
                    },
                    "elements": [],
                    "isInner": false,
                    "widgetType": "woocommerce-cart",
                    "elType": "widget"
                }
            ],
            "isInner": false,
            "elType": "container"
        }
    ]
}