{
    "version": "0.4",
    "title": "Checkout",
    "type": "single-page",
    "metadata": {
        "template_type": "single-page",
        "include_in_zip": "1",
        "elementor_pro_required": "1",
        "elementor_library_type": "single-page",
        "elementor_pro_conditions": [
            "include\/singular\/page\/7"
        ],
        "additional_template_information": [
            "This is a \"Single Page\" template for Elementor Pro.",
            "This template will display on: Page #7."
        ],
        "wp_page_template": "default"
    },
    "content": [
        {
            "id": "4528a202",
            "settings": {
                "background_background": "classic",
                "background_image": {
                    "url": "http:\/\/eco.astylers.com\/bibishup\/wp-content\/uploads\/sites\/2\/2023\/12\/image18941-1.jpg",
                    "id": 1450,
                    "size": "",
                    "alt": "",
                    "source": "library"
                },
                "padding": {
                    "unit": "px",
                    "top": "180",
                    "right": "0",
                    "bottom": "40",
                    "left": "0",
                    "isLinked": false
                },
                "__globals__": {
                    "background_color": ""
                },
                "background_position": "center center",
                "background_ypos": {
                    "unit": "px",
                    "size": -380,
                    "sizes": []
                },
                "background_repeat": "no-repeat",
                "background_size": "cover",
                "padding_tablet": {
                    "unit": "px",
                    "top": "180",
                    "right": "20",
                    "bottom": "40",
                    "left": "20",
                    "isLinked": false
                }
            },
            "elements": [
                {
                    "id": "268f5747",
                    "settings": {
                        "title": "Checkout",
                        "align": "center",
                        "__globals__": {
                            "title_color": ""
                        }
                    },
                    "elements": [],
                    "isInner": false,
                    "widgetType": "heading",
                    "elType": "widget"
                }
            ],
            "isInner": false,
            "elType": "container"
        },
        {
            "id": "7e7dfa0c",
            "settings": {
                "padding_tablet": {
                    "unit": "px",
                    "top": "0",
                    "right": "20",
                    "bottom": "0",
                    "left": "20",
                    "isLinked": false
                }
            },
            "elements": [
                {
                    "id": "1d7a9439",
                    "settings": {
                        "billing_details_section_title": "Billing Details",
                        "billing_details_form_fields": [
                            {
                                "field_key": "billing_first_name",
                                "field_label": "First Name",
                                "label": "First Name",
                                "placeholder": "First Name",
                                "_id": "b26c7f7"
                            },
                            {
                                "field_key": "billing_last_name",
                                "field_label": "Last Name",
                                "label": "Last Name",
                                "placeholder": "Last Name",
                                "_id": "da9abf1"
                            },
                            {
                                "field_key": "billing_company",
                                "field_label": "Company Name",
                                "label": "Company Name",
                                "placeholder": "Company Name",
                                "_id": "ef0c6d9"
                            },
                            {
                                "field_key": "billing_country",
                                "field_label": "Country \/ Region",
                                "label": "Country \/ Region",
                                "placeholder": "Country \/ Region",
                                "repeater_state": "locale",
                                "_id": "8d122c8"
                            },
                            {
                                "field_key": "billing_address_1",
                                "field_label": "Street Address",
                                "label": "Street Address",
                                "placeholder": "Street Address",
                                "repeater_state": "locale",
                                "_id": "ecf09d0"
                            },
                            {
                                "field_key": "billing_postcode",
                                "field_label": "Post Code",
                                "label": "Post Code",
                                "placeholder": "Post Code",
                                "repeater_state": "locale",
                                "_id": "24e71ef"
                            },
                            {
                                "field_key": "billing_city",
                                "field_label": "Town \/ City",
                                "label": "Town \/ City",
                                "placeholder": "Town \/ City",
                                "repeater_state": "locale",
                                "_id": "b8241f7"
                            },
                            {
                                "field_key": "billing_state",
                                "field_label": "State",
                                "label": "State",
                                "placeholder": "State",
                                "repeater_state": "locale",
                                "_id": "17c513f"
                            },
                            {
                                "field_key": "billing_phone",
                                "field_label": "Phone",
                                "label": "Phone",
                                "placeholder": "Phone",
                                "_id": "a2d4eea"
                            },
                            {
                                "field_key": "billing_email",
                                "field_label": "Email Address",
                                "label": "Email Address",
                                "placeholder": "Email Address",
                                "_id": "86942e3"
                            }
                        ],
                        "additional_information_form_fields": [
                            {
                                "field_key": "order_comments",
                                "field_label": "Order Notes",
                                "label": "Order Notes",
                                "placeholder": "Notes about your order, e.g. special notes for delivery.",
                                "_id": "800cae4"
                            }
                        ],
                        "order_summary_section_title": "Your Order",
                        "coupon_section_title_text": "Have a coupon?",
                        "coupon_section_title_link_text": "Click here to enter your coupon code",
                        "terms_conditions_message_text": "I have read and agree to the website",
                        "terms_conditions_link_text": "terms and conditions",
                        "sections_titles_typography_typography": "custom",
                        "sections_titles_typography_font_family": "Baloo 2",
                        "sections_titles_typography_font_size": {
                            "unit": "rem",
                            "size": 1.5,
                            "sizes": []
                        },
                        "sections_titles_typography_font_weight": "600",
                        "sections_titles_typography_line_height": {
                            "unit": "em",
                            "size": 1.2,
                            "sizes": []
                        },
                        "sections_secondary_titles_typography_typography": "custom",
                        "sections_secondary_titles_typography_font_family": "Montserrat",
                        "sections_secondary_titles_typography_font_size": {
                            "unit": "rem",
                            "size": 1,
                            "sizes": []
                        },
                        "sections_secondary_titles_typography_font_weight": "500",
                        "sections_secondary_titles_typography_line_height": {
                            "unit": "em",
                            "size": 1.2,
                            "sizes": []
                        },
                        "sections_descriptions_typography_typography": "custom",
                        "sections_descriptions_typography_font_family": "Nunito Sans",
                        "sections_descriptions_typography_font_size": {
                            "unit": "rem",
                            "size": 1,
                            "sizes": []
                        },
                        "sections_descriptions_typography_font_weight": "400",
                        "sections_descriptions_typography_line_height": {
                            "unit": "em",
                            "size": 1.5,
                            "sizes": []
                        },
                        "sections_descriptions_typography_letter_spacing": {
                            "unit": "px",
                            "size": 0.2,
                            "sizes": []
                        },
                        "sections_messages_typography_typography": "custom",
                        "sections_messages_typography_font_family": "Nunito Sans",
                        "sections_messages_typography_font_size": {
                            "unit": "rem",
                            "size": 1,
                            "sizes": []
                        },
                        "sections_messages_typography_font_weight": "400",
                        "sections_messages_typography_line_height": {
                            "unit": "em",
                            "size": 1.5,
                            "sizes": []
                        },
                        "sections_messages_typography_letter_spacing": {
                            "unit": "px",
                            "size": 0.2,
                            "sizes": []
                        },
                        "forms_buttons_normal_background_background": "classic",
                        "forms_buttons_hover_background_background": "classic",
                        "forms_buttons_border_type": "none",
                        "forms_buttons_border_radius": {
                            "unit": "px",
                            "top": "30",
                            "right": "30",
                            "bottom": "30",
                            "left": "30",
                            "isLinked": true
                        },
                        "purchase_button_typography_typography": "custom",
                        "purchase_button_typography_font_family": "Nunito Sans",
                        "purchase_button_typography_font_size": {
                            "unit": "rem",
                            "size": 0.9,
                            "sizes": []
                        },
                        "purchase_button_typography_font_weight": "800",
                        "purchase_button_typography_text_transform": "uppercase",
                        "purchase_button_typography_letter_spacing": {
                            "unit": "px",
                            "size": 0.3,
                            "sizes": []
                        },
                        "purchase_button_normal_text_color": "#FFFFFF",
                        "purchase_button_normal_background_background": "classic",
                        "purchase_button_normal_background_color": "#F6985B",
                        "purchase_button_hover_text_color": "#FFFFFF",
                        "purchase_button_hover_background_background": "classic",
                        "purchase_button_hover_background_color": "#6DA4B0",
                        "_margin": {
                            "unit": "px",
                            "top": "100",
                            "right": "0",
                            "bottom": "100",
                            "left": "0",
                            "isLinked": false
                        },
                        "__globals__": {
                            "sections_titles_typography_typography": "globals\/typography?id=cdb430a",
                            "sections_secondary_titles_typography_typography": "globals\/typography?id=9fa221a",
                            "sections_descriptions_typography_typography": "globals\/typography?id=text",
                            "sections_messages_typography_typography": "globals\/typography?id=text",
                            "purchase_button_typography_typography": "globals\/typography?id=accent",
                            "purchase_button_normal_text_color": "globals\/colors?id=a2e875e",
                            "purchase_button_normal_background_color": "globals\/colors?id=accent",
                            "purchase_button_hover_text_color": "globals\/colors?id=a2e875e",
                            "purchase_button_hover_background_color": "globals\/colors?id=84ab9b4",
                            "forms_fields_normal_color": "",
                            "forms_button_typography_typography": "globals\/typography?id=accent",
                            "forms_buttons_normal_background_color": "globals\/colors?id=accent",
                            "forms_buttons_normal_text_color": "globals\/colors?id=a2e875e",
                            "forms_buttons_hover_text_color": "globals\/colors?id=a2e875e",
                            "forms_buttons_hover_background_color": "globals\/colors?id=84ab9b4"
                        }
                    },
                    "elements": [],
                    "isInner": false,
                    "widgetType": "woocommerce-checkout-page",
                    "elType": "widget"
                }
            ],
            "isInner": false,
            "elType": "container"
        }
    ]
}