{
    "version": "0.4",
    "title": "Faq",
    "type": "page",
    "metadata": {
        "template_type": "single-page",
        "include_in_zip": "1",
        "elementor_pro_required": "1",
        "wp_page_template": "elementor_header_footer"
    },
    "content": [
        {
            "id": "7cb36182",
            "settings": {
                "background_background": "classic",
                "background_image": {
                    "url": "http:\/\/eco.astylers.com\/bibishup\/wp-content\/uploads\/sites\/2\/2023\/12\/image18941-1.jpg",
                    "id": 1450,
                    "size": "",
                    "alt": "",
                    "source": "library"
                },
                "padding": {
                    "unit": "px",
                    "top": "180",
                    "right": "0",
                    "bottom": "40",
                    "left": "0",
                    "isLinked": false
                },
                "__globals__": {
                    "background_color": ""
                },
                "background_position": "center center",
                "background_ypos": {
                    "unit": "px",
                    "size": -380,
                    "sizes": []
                },
                "background_repeat": "no-repeat",
                "background_size": "cover",
                "flex_direction": "row",
                "padding_tablet": {
                    "unit": "px",
                    "top": "180",
                    "right": "20",
                    "bottom": "40",
                    "left": "20",
                    "isLinked": false
                }
            },
            "elements": [
                {
                    "id": "5711d51a",
                    "settings": {
                        "content_width": "full",
                        "width": {
                            "unit": "%",
                            "size": 33.3333,
                            "sizes": []
                        },
                        "flex_direction": "column"
                    },
                    "elements": [
                        {
                            "id": "775c3ca8",
                            "settings": {
                                "title": "FAQs"
                            },
                            "elements": [],
                            "isInner": false,
                            "widgetType": "heading",
                            "elType": "widget"
                        },
                        {
                            "id": "61b6ff0b",
                            "settings": {
                                "title": "How can we help you?",
                                "header_size": "h3"
                            },
                            "elements": [],
                            "isInner": false,
                            "widgetType": "heading",
                            "elType": "widget"
                        }
                    ],
                    "isInner": true,
                    "elType": "container"
                },
                {
                    "id": "12417191",
                    "settings": {
                        "content_width": "full",
                        "width": {
                            "unit": "%",
                            "size": 66.6666,
                            "sizes": []
                        },
                        "flex_justify_content": "center"
                    },
                    "elements": [
                        {
                            "id": "3c6ab96c",
                            "settings": {
                                "placeholder": "Search by word",
                                "button_text": "Search",
                                "input_box_shadow_box_shadow": {
                                    "horizontal": 0,
                                    "vertical": 0,
                                    "blur": 0,
                                    "spread": 0,
                                    "color": "rgba(0,0,0,0.5)"
                                },
                                "button_border_width": {
                                    "unit": "px",
                                    "top": "1",
                                    "right": "1",
                                    "bottom": "1",
                                    "left": "1",
                                    "isLinked": true
                                },
                                "border_radius": {
                                    "unit": "px",
                                    "size": 30,
                                    "sizes": []
                                },
                                "button_text_color": "#111111",
                                "button_background_color": "#F1F2F3",
                                "__globals__": {
                                    "button_text_color": "globals\/colors?id=primary",
                                    "input_border_color": "",
                                    "input_background_color": ""
                                }
                            },
                            "elements": [],
                            "isInner": false,
                            "widgetType": "search-form",
                            "elType": "widget"
                        }
                    ],
                    "isInner": true,
                    "elType": "container"
                }
            ],
            "isInner": false,
            "elType": "container"
        },
        {
            "id": "1ca0237",
            "settings": {
                "flex_direction": "row",
                "flex_gap": {
                    "unit": "px",
                    "size": 20,
                    "column": "20",
                    "row": "0"
                },
                "margin": {
                    "unit": "px",
                    "top": "100",
                    "right": "0",
                    "bottom": "0",
                    "left": "0",
                    "isLinked": false
                },
                "margin_tablet": {
                    "unit": "px",
                    "top": "100",
                    "right": "0",
                    "bottom": "20",
                    "left": "0",
                    "isLinked": false
                },
                "padding_tablet": {
                    "unit": "px",
                    "top": "0",
                    "right": "20",
                    "bottom": "0",
                    "left": "20",
                    "isLinked": false
                }
            },
            "elements": [
                {
                    "id": "8645c2b",
                    "settings": {
                        "flex_direction": "column",
                        "content_width": "full",
                        "width": {
                            "unit": "%",
                            "size": "33.3333"
                        },
                        "background_background": "classic",
                        "border_radius": {
                            "unit": "px",
                            "top": "20",
                            "right": "20",
                            "bottom": "20",
                            "left": "20",
                            "isLinked": true
                        },
                        "margin_mobile": {
                            "unit": "px",
                            "top": "0",
                            "right": "0",
                            "bottom": "20",
                            "left": "0",
                            "isLinked": false
                        },
                        "padding": {
                            "unit": "px",
                            "top": "20",
                            "right": "20",
                            "bottom": "20",
                            "left": "20",
                            "isLinked": true
                        },
                        "__globals__": {
                            "background_color": "globals\/colors?id=84ab9b4"
                        },
                        "animation": "fadeInLeft"
                    },
                    "elements": [
                        {
                            "id": "4b8b4629",
                            "settings": {
                                "title_text": "Quality Control",
                                "description_text": "Lorem ipsum dolor sit amet, consectetur adipiscing elit.",
                                "position": "left",
                                "content_vertical_alignment": "middle",
                                "icon_size": {
                                    "unit": "px",
                                    "size": 35,
                                    "sizes": []
                                },
                                "title_bottom_space": {
                                    "unit": "px",
                                    "size": 10,
                                    "sizes": []
                                },
                                "__globals__": {
                                    "primary_color": "globals\/colors?id=accent",
                                    "title_color": "globals\/colors?id=a2e875e",
                                    "description_color": "globals\/colors?id=a2e875e"
                                },
                                "selected_icon": {
                                    "value": "fas fa-check",
                                    "library": "fa-solid"
                                },
                                "title_typography_font_family": "Baloo 2",
                                "description_typography_font_family": "Quicksand",
                                "title_typography_font_weight": "600"
                            },
                            "elements": [],
                            "isInner": false,
                            "widgetType": "icon-box",
                            "elType": "widget"
                        },
                        {
                            "id": "3534a46a",
                            "settings": {
                                "title_text": "On Target",
                                "description_text": "Lorem ipsum dolor sit amet, consectetur adipiscing elit.",
                                "position": "left",
                                "content_vertical_alignment": "middle",
                                "icon_size": {
                                    "unit": "px",
                                    "size": 35,
                                    "sizes": []
                                },
                                "title_bottom_space": {
                                    "unit": "px",
                                    "size": 10,
                                    "sizes": []
                                },
                                "__globals__": {
                                    "primary_color": "globals\/colors?id=accent",
                                    "title_color": "globals\/colors?id=a2e875e",
                                    "description_color": "globals\/colors?id=a2e875e"
                                },
                                "selected_icon": {
                                    "value": "fas fa-check",
                                    "library": "fa-solid"
                                },
                                "title_typography_font_family": "Baloo 2",
                                "description_typography_font_family": "Quicksand",
                                "title_typography_font_weight": "600"
                            },
                            "elements": [],
                            "isInner": false,
                            "widgetType": "icon-box",
                            "elType": "widget"
                        }
                    ],
                    "isInner": true,
                    "elType": "container"
                },
                {
                    "id": "53b7d334",
                    "settings": {
                        "flex_direction": "column",
                        "content_width": "full",
                        "width": {
                            "unit": "%",
                            "size": "66.6666"
                        },
                        "background_background": "classic",
                        "border_radius": {
                            "unit": "px",
                            "top": "20",
                            "right": "20",
                            "bottom": "20",
                            "left": "20",
                            "isLinked": true
                        },
                        "padding": {
                            "unit": "px",
                            "top": "20",
                            "right": "20",
                            "bottom": "20",
                            "left": "20",
                            "isLinked": true
                        },
                        "__globals__": {
                            "background_color": "globals\/colors?id=0c9653f"
                        },
                        "animation": "fadeInRight"
                    },
                    "elements": [
                        {
                            "id": "5827f0f8",
                            "settings": {
                                "tabs": [
                                    {
                                        "tab_title": " Nulla sagittis condimentum ligula?",
                                        "tab_content": "Lorem ipsum dolor sit amet, consectetur adipiscing elit. Ut elit tellus, luctus nec ullamcorper mattis, pulvinar dapibus leo.",
                                        "_id": "d658af0"
                                    },
                                    {
                                        "tab_title": " Suspendisse fermentum. Morbi a mauris?",
                                        "tab_content": "Lorem ipsum dolor sit amet, consectetur adipiscing elit. Ut elit tellus, luctus nec ullamcorper mattis, pulvinar dapibus leo.",
                                        "_id": "e5e9001"
                                    },
                                    {
                                        "tab_title": " Nulla sagittis condimentum ligula?",
                                        "tab_content": "Lorem ipsum dolor sit amet, consectetur adipiscing elit. Ut elit tellus, luctus nec ullamcorper mattis, pulvinar dapibus leo.",
                                        "_id": "e226800"
                                    }
                                ],
                                "selected_icon": {
                                    "value": "fas fa-chevron-down",
                                    "library": "fa-solid"
                                },
                                "selected_active_icon": {
                                    "value": "fas fa-chevron-up",
                                    "library": "fa-solid"
                                },
                                "border_width": {
                                    "unit": "px",
                                    "size": 0,
                                    "sizes": []
                                },
                                "icon_align": "right"
                            },
                            "elements": [],
                            "isInner": false,
                            "widgetType": "accordion",
                            "elType": "widget"
                        }
                    ],
                    "isInner": true,
                    "elType": "container"
                }
            ],
            "isInner": false,
            "elType": "container"
        },
        {
            "id": "5e76637f",
            "settings": {
                "flex_direction": "row",
                "flex_gap": {
                    "unit": "px",
                    "size": 20,
                    "column": "20",
                    "row": "0"
                },
                "margin": {
                    "unit": "px",
                    "top": "0",
                    "right": "0",
                    "bottom": "100",
                    "left": "0",
                    "isLinked": false
                },
                "padding_tablet": {
                    "unit": "px",
                    "top": "0",
                    "right": "20",
                    "bottom": "0",
                    "left": "20",
                    "isLinked": false
                }
            },
            "elements": [
                {
                    "id": "6048f92d",
                    "settings": {
                        "flex_direction": "column",
                        "content_width": "full",
                        "width": {
                            "unit": "%",
                            "size": "66.6666"
                        },
                        "background_background": "classic",
                        "border_radius": {
                            "unit": "px",
                            "top": "20",
                            "right": "20",
                            "bottom": "20",
                            "left": "20",
                            "isLinked": true
                        },
                        "margin_mobile": {
                            "unit": "px",
                            "top": "0",
                            "right": "0",
                            "bottom": "0",
                            "left": "0",
                            "isLinked": false
                        },
                        "padding": {
                            "unit": "px",
                            "top": "20",
                            "right": "20",
                            "bottom": "20",
                            "left": "20",
                            "isLinked": true
                        },
                        "_flex_order_mobile": "end",
                        "__globals__": {
                            "background_color": "globals\/colors?id=0c9653f"
                        },
                        "animation": "fadeInLeft"
                    },
                    "elements": [
                        {
                            "id": "5112b908",
                            "settings": {
                                "tabs": [
                                    {
                                        "tab_title": " Suspendisse fermentum. Morbi a mauris?",
                                        "tab_content": "Lorem ipsum dolor sit amet, consectetur adipiscing elit. Ut elit tellus, luctus nec ullamcorper mattis, pulvinar dapibus leo.",
                                        "_id": "b99e756"
                                    },
                                    {
                                        "tab_title": " Nulla sagittis condimentum ligula?",
                                        "tab_content": "Lorem ipsum dolor sit amet, consectetur adipiscing elit. Ut elit tellus, luctus nec ullamcorper mattis, pulvinar dapibus leo.",
                                        "_id": "d658af0"
                                    },
                                    {
                                        "tab_title": " Suspendisse fermentum. Morbi a mauris?",
                                        "tab_content": "Lorem ipsum dolor sit amet, consectetur adipiscing elit. Ut elit tellus, luctus nec ullamcorper mattis, pulvinar dapibus leo.",
                                        "_id": "f0d8823"
                                    }
                                ],
                                "selected_icon": {
                                    "value": "fas fa-chevron-down",
                                    "library": "fa-solid"
                                },
                                "selected_active_icon": {
                                    "value": "fas fa-chevron-up",
                                    "library": "fa-solid"
                                },
                                "border_width": {
                                    "unit": "px",
                                    "size": 0,
                                    "sizes": []
                                },
                                "icon_align": "right"
                            },
                            "elements": [],
                            "isInner": false,
                            "widgetType": "accordion",
                            "elType": "widget"
                        }
                    ],
                    "isInner": true,
                    "elType": "container"
                },
                {
                    "id": "42f4ae62",
                    "settings": {
                        "flex_direction": "column",
                        "content_width": "full",
                        "width": {
                            "unit": "%",
                            "size": "33.3333"
                        },
                        "background_background": "classic",
                        "border_radius": {
                            "unit": "px",
                            "top": "20",
                            "right": "20",
                            "bottom": "20",
                            "left": "20",
                            "isLinked": true
                        },
                        "margin_mobile": {
                            "unit": "px",
                            "top": "0",
                            "right": "0",
                            "bottom": "20",
                            "left": "0",
                            "isLinked": false
                        },
                        "padding": {
                            "unit": "px",
                            "top": "20",
                            "right": "20",
                            "bottom": "20",
                            "left": "20",
                            "isLinked": true
                        },
                        "__globals__": {
                            "background_color": "globals\/colors?id=84ab9b4"
                        },
                        "background_image": {
                            "url": "http:\/\/eco.astylers.com\/bibishup\/wp-content\/uploads\/sites\/2\/2023\/11\/image1043-1.jpg",
                            "id": 1309,
                            "size": "",
                            "alt": "",
                            "source": "library"
                        },
                        "background_position": "center center",
                        "background_repeat": "no-repeat",
                        "background_size": "cover",
                        "animation": "fadeInRight"
                    },
                    "elements": [
                        {
                            "id": "505b3cbc",
                            "settings": [],
                            "elements": [],
                            "isInner": false,
                            "widgetType": "spacer",
                            "elType": "widget"
                        }
                    ],
                    "isInner": true,
                    "elType": "container"
                }
            ],
            "isInner": false,
            "elType": "container"
        },
        {
            "id": "624b03af",
            "settings": {
                "flex_direction": "row",
                "flex_gap": {
                    "unit": "px",
                    "size": 0,
                    "column": "0",
                    "row": "0"
                },
                "background_background": "classic",
                "padding": {
                    "unit": "px",
                    "top": "30",
                    "right": "0",
                    "bottom": "30",
                    "left": "0",
                    "isLinked": false
                },
                "padding_tablet": {
                    "unit": "px",
                    "top": "30",
                    "right": "20",
                    "bottom": "30",
                    "left": "20",
                    "isLinked": false
                },
                "__globals__": {
                    "background_color": "globals\/colors?id=d1c733e"
                },
                "animation": "fadeInUp"
            },
            "elements": [
                {
                    "id": "7b12805e",
                    "settings": {
                        "flex_direction": "column",
                        "content_width": "full",
                        "width": {
                            "unit": "%",
                            "size": "25"
                        }
                    },
                    "elements": [
                        {
                            "id": "6ebc1185",
                            "settings": {
                                "title_text": "Open Shop",
                                "description_text": "Lorem ipsum dolor sit amet, consectetur adipiscing elit.",
                                "__globals__": {
                                    "primary_color": "globals\/colors?id=84ab9b4",
                                    "hover_primary_color": "",
                                    "title_color": "globals\/colors?id=a2e875e",
                                    "description_color": "globals\/colors?id=a2e875e"
                                },
                                "primary_color": "#92A8D1",
                                "_margin_mobile": {
                                    "unit": "px",
                                    "top": "0",
                                    "right": "0",
                                    "bottom": "20",
                                    "left": "0",
                                    "isLinked": false
                                },
                                "selected_icon": {
                                    "value": "fas fa-shopping-cart",
                                    "library": "fa-solid"
                                }
                            },
                            "elements": [],
                            "isInner": false,
                            "widgetType": "icon-box",
                            "elType": "widget"
                        }
                    ],
                    "isInner": true,
                    "elType": "container"
                },
                {
                    "id": "91e39f0",
                    "settings": {
                        "flex_direction": "column",
                        "content_width": "full",
                        "width": {
                            "unit": "%",
                            "size": "25"
                        }
                    },
                    "elements": [
                        {
                            "id": "7ced5393",
                            "settings": {
                                "title_text": "Work Process",
                                "description_text": "Lorem ipsum dolor sit amet, consectetur adipiscing elit.",
                                "__globals__": {
                                    "primary_color": "globals\/colors?id=84ab9b4",
                                    "hover_primary_color": "",
                                    "title_color": "globals\/colors?id=a2e875e",
                                    "description_color": "globals\/colors?id=a2e875e"
                                },
                                "primary_color": "#92A8D1",
                                "_margin_mobile": {
                                    "unit": "px",
                                    "top": "0",
                                    "right": "0",
                                    "bottom": "20",
                                    "left": "0",
                                    "isLinked": false
                                },
                                "selected_icon": {
                                    "value": "fas fa-cog",
                                    "library": "fa-solid"
                                }
                            },
                            "elements": [],
                            "isInner": false,
                            "widgetType": "icon-box",
                            "elType": "widget"
                        }
                    ],
                    "isInner": true,
                    "elType": "container"
                },
                {
                    "id": "5a15443e",
                    "settings": {
                        "flex_direction": "column",
                        "content_width": "full",
                        "width": {
                            "unit": "%",
                            "size": "25"
                        }
                    },
                    "elements": [
                        {
                            "id": "e070cf8",
                            "settings": {
                                "title_text": "Become Partners",
                                "description_text": "Lorem ipsum dolor sit amet, consectetur adipiscing elit.",
                                "__globals__": {
                                    "primary_color": "globals\/colors?id=84ab9b4",
                                    "hover_primary_color": "",
                                    "title_color": "globals\/colors?id=a2e875e",
                                    "description_color": "globals\/colors?id=a2e875e"
                                },
                                "primary_color": "#92A8D1",
                                "_margin_mobile": {
                                    "unit": "px",
                                    "top": "0",
                                    "right": "0",
                                    "bottom": "20",
                                    "left": "0",
                                    "isLinked": false
                                },
                                "selected_icon": {
                                    "value": "fas fa-user-friends",
                                    "library": "fa-solid"
                                }
                            },
                            "elements": [],
                            "isInner": false,
                            "widgetType": "icon-box",
                            "elType": "widget"
                        }
                    ],
                    "isInner": true,
                    "elType": "container"
                },
                {
                    "id": "1617266",
                    "settings": {
                        "flex_direction": "column",
                        "content_width": "full",
                        "width": {
                            "unit": "%",
                            "size": "25"
                        }
                    },
                    "elements": [
                        {
                            "id": "5dd1b0ad",
                            "settings": {
                                "title_text": "Privacy Policy",
                                "description_text": "Lorem ipsum dolor sit amet, consectetur adipiscing elit.",
                                "__globals__": {
                                    "primary_color": "globals\/colors?id=84ab9b4",
                                    "hover_primary_color": "",
                                    "title_color": "globals\/colors?id=a2e875e",
                                    "description_color": "globals\/colors?id=a2e875e"
                                },
                                "primary_color": "#92A8D1",
                                "_margin_mobile": {
                                    "unit": "px",
                                    "top": "0",
                                    "right": "0",
                                    "bottom": "20",
                                    "left": "0",
                                    "isLinked": false
                                },
                                "selected_icon": {
                                    "value": "fas fa-user-shield",
                                    "library": "fa-solid"
                                }
                            },
                            "elements": [],
                            "isInner": false,
                            "widgetType": "icon-box",
                            "elType": "widget"
                        }
                    ],
                    "isInner": true,
                    "elType": "container"
                }
            ],
            "isInner": false,
            "elType": "container"
        },
        {
            "id": "6064e115",
            "settings": {
                "flex_direction": "row",
                "flex_gap": {
                    "unit": "px",
                    "size": 20,
                    "column": "20",
                    "row": "0"
                },
                "margin": {
                    "unit": "px",
                    "top": "100",
                    "right": "0",
                    "bottom": "0",
                    "left": "0",
                    "isLinked": false
                },
                "margin_tablet": {
                    "unit": "px",
                    "top": "100",
                    "right": "0",
                    "bottom": "20",
                    "left": "0",
                    "isLinked": false
                },
                "padding_tablet": {
                    "unit": "px",
                    "top": "0",
                    "right": "20",
                    "bottom": "0",
                    "left": "20",
                    "isLinked": false
                },
                "animation": "fadeInUp"
            },
            "elements": [
                {
                    "id": "3c27f5e4",
                    "settings": {
                        "flex_direction": "column",
                        "content_width": "full",
                        "width": {
                            "unit": "%",
                            "size": "50"
                        },
                        "background_background": "classic",
                        "border_radius": {
                            "unit": "px",
                            "top": "20",
                            "right": "20",
                            "bottom": "20",
                            "left": "20",
                            "isLinked": true
                        },
                        "margin_mobile": {
                            "unit": "px",
                            "top": "0",
                            "right": "0",
                            "bottom": "20",
                            "left": "0",
                            "isLinked": false
                        },
                        "padding": {
                            "unit": "px",
                            "top": "30",
                            "right": "30",
                            "bottom": "30",
                            "left": "30",
                            "isLinked": true
                        },
                        "__globals__": {
                            "background_color": "globals\/colors?id=0c9653f"
                        }
                    },
                    "elements": [
                        {
                            "id": "3cfbc8fe",
                            "settings": {
                                "selected_icon": {
                                    "value": "fas fa-question",
                                    "library": "fa-solid"
                                },
                                "title_text": "dolor fermentum. Morbi a mauris?",
                                "description_text": "Lorem ipsum dolor sit amet, consectetur adipiscing elit. Ut elit tellus, luctus nec ullamcorper mattis pulvinar.",
                                "position": "left",
                                "icon_size": {
                                    "unit": "px",
                                    "size": 34,
                                    "sizes": []
                                },
                                "__globals__": {
                                    "primary_color": "globals\/colors?id=accent"
                                }
                            },
                            "elements": [],
                            "isInner": false,
                            "widgetType": "icon-box",
                            "elType": "widget"
                        }
                    ],
                    "isInner": true,
                    "elType": "container"
                },
                {
                    "id": "13f97ea3",
                    "settings": {
                        "flex_direction": "column",
                        "content_width": "full",
                        "width": {
                            "unit": "%",
                            "size": "50"
                        },
                        "background_background": "classic",
                        "border_radius": {
                            "unit": "px",
                            "top": "20",
                            "right": "20",
                            "bottom": "20",
                            "left": "20",
                            "isLinked": true
                        },
                        "padding": {
                            "unit": "px",
                            "top": "30",
                            "right": "30",
                            "bottom": "30",
                            "left": "30",
                            "isLinked": true
                        },
                        "__globals__": {
                            "background_color": "globals\/colors?id=0c9653f"
                        }
                    },
                    "elements": [
                        {
                            "id": "45576ba",
                            "settings": {
                                "selected_icon": {
                                    "value": "fas fa-question",
                                    "library": "fa-solid"
                                },
                                "title_text": "Consectetur adipiscing elit?",
                                "description_text": "Lorem ipsum dolor sit amet, consectetur adipiscing elit. Ut elit tellus, luctus nec ullamcorper mattis pulvinar.",
                                "position": "left",
                                "icon_size": {
                                    "unit": "px",
                                    "size": 34,
                                    "sizes": []
                                },
                                "__globals__": {
                                    "primary_color": "globals\/colors?id=accent"
                                }
                            },
                            "elements": [],
                            "isInner": false,
                            "widgetType": "icon-box",
                            "elType": "widget"
                        }
                    ],
                    "isInner": true,
                    "elType": "container"
                }
            ],
            "isInner": false,
            "elType": "container"
        },
        {
            "id": "43ec4be5",
            "settings": {
                "flex_direction": "row",
                "flex_gap": {
                    "unit": "px",
                    "size": 20,
                    "column": "20",
                    "row": "0"
                },
                "margin": {
                    "unit": "px",
                    "top": "0",
                    "right": "0",
                    "bottom": "0",
                    "left": "0",
                    "isLinked": false
                },
                "margin_tablet": {
                    "unit": "px",
                    "top": "0",
                    "right": "0",
                    "bottom": "20",
                    "left": "0",
                    "isLinked": false
                },
                "padding_tablet": {
                    "unit": "px",
                    "top": "0",
                    "right": "20",
                    "bottom": "0",
                    "left": "20",
                    "isLinked": false
                },
                "animation": "fadeInUp"
            },
            "elements": [
                {
                    "id": "7242b8bf",
                    "settings": {
                        "flex_direction": "column",
                        "content_width": "full",
                        "width": {
                            "unit": "%",
                            "size": "50"
                        },
                        "background_background": "classic",
                        "border_radius": {
                            "unit": "px",
                            "top": "20",
                            "right": "20",
                            "bottom": "20",
                            "left": "20",
                            "isLinked": true
                        },
                        "margin_mobile": {
                            "unit": "px",
                            "top": "0",
                            "right": "0",
                            "bottom": "20",
                            "left": "0",
                            "isLinked": false
                        },
                        "padding": {
                            "unit": "px",
                            "top": "30",
                            "right": "30",
                            "bottom": "30",
                            "left": "30",
                            "isLinked": true
                        },
                        "__globals__": {
                            "background_color": "globals\/colors?id=0c9653f"
                        }
                    },
                    "elements": [
                        {
                            "id": "180a8edd",
                            "settings": {
                                "selected_icon": {
                                    "value": "fas fa-question",
                                    "library": "fa-solid"
                                },
                                "title_text": "Ullamcorper mattis pulvinar?",
                                "description_text": "Lorem ipsum dolor sit amet, consectetur adipiscing elit. Ut elit tellus, luctus nec ullamcorper mattis pulvinar.",
                                "position": "left",
                                "icon_size": {
                                    "unit": "px",
                                    "size": 34,
                                    "sizes": []
                                },
                                "__globals__": {
                                    "primary_color": "globals\/colors?id=accent"
                                }
                            },
                            "elements": [],
                            "isInner": false,
                            "widgetType": "icon-box",
                            "elType": "widget"
                        }
                    ],
                    "isInner": true,
                    "elType": "container"
                },
                {
                    "id": "3b8799b",
                    "settings": {
                        "flex_direction": "column",
                        "content_width": "full",
                        "width": {
                            "unit": "%",
                            "size": "50"
                        },
                        "background_background": "classic",
                        "border_radius": {
                            "unit": "px",
                            "top": "20",
                            "right": "20",
                            "bottom": "20",
                            "left": "20",
                            "isLinked": true
                        },
                        "padding": {
                            "unit": "px",
                            "top": "30",
                            "right": "30",
                            "bottom": "30",
                            "left": "30",
                            "isLinked": true
                        },
                        "__globals__": {
                            "background_color": "globals\/colors?id=0c9653f"
                        }
                    },
                    "elements": [
                        {
                            "id": "6beb36e9",
                            "settings": {
                                "selected_icon": {
                                    "value": "fas fa-question",
                                    "library": "fa-solid"
                                },
                                "title_text": "Vehicula posuere velit?",
                                "description_text": "Lorem ipsum dolor sit amet, consectetur adipiscing elit. Ut elit tellus, luctus nec ullamcorper mattis pulvinar.",
                                "position": "left",
                                "icon_size": {
                                    "unit": "px",
                                    "size": 34,
                                    "sizes": []
                                },
                                "__globals__": {
                                    "primary_color": "globals\/colors?id=accent"
                                }
                            },
                            "elements": [],
                            "isInner": false,
                            "widgetType": "icon-box",
                            "elType": "widget"
                        }
                    ],
                    "isInner": true,
                    "elType": "container"
                }
            ],
            "isInner": false,
            "elType": "container"
        },
        {
            "id": "4dbb7b4d",
            "settings": {
                "flex_direction": "row",
                "flex_gap": {
                    "unit": "px",
                    "size": 20,
                    "column": "20",
                    "row": "0"
                },
                "margin": {
                    "unit": "px",
                    "top": "0",
                    "right": "0",
                    "bottom": "100",
                    "left": "0",
                    "isLinked": false
                },
                "padding_tablet": {
                    "unit": "px",
                    "top": "0",
                    "right": "20",
                    "bottom": "0",
                    "left": "20",
                    "isLinked": false
                },
                "animation": "fadeInUp"
            },
            "elements": [
                {
                    "id": "7eeaefbf",
                    "settings": {
                        "flex_direction": "column",
                        "content_width": "full",
                        "width": {
                            "unit": "%",
                            "size": "50"
                        },
                        "background_background": "classic",
                        "border_radius": {
                            "unit": "px",
                            "top": "20",
                            "right": "20",
                            "bottom": "20",
                            "left": "20",
                            "isLinked": true
                        },
                        "margin_mobile": {
                            "unit": "px",
                            "top": "0",
                            "right": "0",
                            "bottom": "20",
                            "left": "0",
                            "isLinked": false
                        },
                        "padding": {
                            "unit": "px",
                            "top": "30",
                            "right": "30",
                            "bottom": "30",
                            "left": "30",
                            "isLinked": true
                        },
                        "__globals__": {
                            "background_color": "globals\/colors?id=0c9653f"
                        }
                    },
                    "elements": [
                        {
                            "id": "808a071",
                            "settings": {
                                "selected_icon": {
                                    "value": "fas fa-question",
                                    "library": "fa-solid"
                                },
                                "title_text": "Tincidunt mollis ante?",
                                "description_text": "Lorem ipsum dolor sit amet, consectetur adipiscing elit. Ut elit tellus, luctus nec ullamcorper mattis pulvinar.",
                                "position": "left",
                                "icon_size": {
                                    "unit": "px",
                                    "size": 34,
                                    "sizes": []
                                },
                                "__globals__": {
                                    "primary_color": "globals\/colors?id=accent"
                                }
                            },
                            "elements": [],
                            "isInner": false,
                            "widgetType": "icon-box",
                            "elType": "widget"
                        }
                    ],
                    "isInner": true,
                    "elType": "container"
                },
                {
                    "id": "25c26bbb",
                    "settings": {
                        "flex_direction": "column",
                        "content_width": "full",
                        "width": {
                            "unit": "%",
                            "size": "50"
                        },
                        "background_background": "classic",
                        "border_radius": {
                            "unit": "px",
                            "top": "20",
                            "right": "20",
                            "bottom": "20",
                            "left": "20",
                            "isLinked": true
                        },
                        "padding": {
                            "unit": "px",
                            "top": "30",
                            "right": "30",
                            "bottom": "30",
                            "left": "30",
                            "isLinked": true
                        },
                        "__globals__": {
                            "background_color": "globals\/colors?id=0c9653f"
                        }
                    },
                    "elements": [
                        {
                            "id": "586163f9",
                            "settings": {
                                "selected_icon": {
                                    "value": "fas fa-question",
                                    "library": "fa-solid"
                                },
                                "title_text": "Venenatis commodo dolor?",
                                "description_text": "Lorem ipsum dolor sit amet, consectetur adipiscing elit. Ut elit tellus, luctus nec ullamcorper mattis pulvinar.",
                                "position": "left",
                                "icon_size": {
                                    "unit": "px",
                                    "size": 34,
                                    "sizes": []
                                },
                                "__globals__": {
                                    "primary_color": "globals\/colors?id=accent"
                                }
                            },
                            "elements": [],
                            "isInner": false,
                            "widgetType": "icon-box",
                            "elType": "widget"
                        }
                    ],
                    "isInner": true,
                    "elType": "container"
                }
            ],
            "isInner": false,
            "elType": "container"
        }
    ]
}