{
    "version": "0.4",
    "title": "Footer",
    "type": "footer",
    "metadata": {
        "template_type": "section-footer",
        "include_in_zip": "1",
        "elementor_pro_required": "1",
        "elementor_library_type": "footer",
        "elementor_pro_conditions": [
            "include\/general"
        ],
        "additional_template_information": [
            "This is a \"Footer\" template for Elementor Pro.",
            "This template will display on: Entire Site."
        ],
        "wp_page_template": "default"
    },
    "content": [
        {
            "id": "1d8bafce",
            "settings": {
                "flex_direction": "row",
                "flex_gap": {
                    "unit": "px",
                    "size": 0,
                    "column": "0",
                    "row": "0"
                },
                "background_background": "classic",
                "border_radius": {
                    "unit": "px",
                    "top": "0",
                    "right": "0",
                    "bottom": "40",
                    "left": "40",
                    "isLinked": false
                },
                "padding": {
                    "unit": "px",
                    "top": "30",
                    "right": "0",
                    "bottom": "30",
                    "left": "0",
                    "isLinked": false
                },
                "z_index": 1,
                "__globals__": {
                    "background_color": "globals\/colors?id=0c9653f"
                },
                "animation": "fadeInUp",
                "padding_tablet": {
                    "unit": "px",
                    "top": "30",
                    "right": "20",
                    "bottom": "30",
                    "left": "20",
                    "isLinked": false
                }
            },
            "elements": [
                {
                    "id": "417a0565",
                    "settings": {
                        "flex_direction": "column",
                        "content_width": "full",
                        "width": {
                            "unit": "%",
                            "size": "25"
                        },
                        "width_tablet": {
                            "unit": "%",
                            "size": "",
                            "sizes": []
                        },
                        "width_mobile": {
                            "unit": "%",
                            "size": "",
                            "sizes": []
                        }
                    },
                    "elements": [
                        {
                            "id": "794defef",
                            "settings": {
                                "title_text": "Free Shipping",
                                "description_text": "Lorem ipsum dolor sit amet, consectetur adipiscing elit.",
                                "__globals__": {
                                    "primary_color": "globals\/colors?id=84ab9b4",
                                    "hover_primary_color": ""
                                },
                                "primary_color": "#92A8D1",
                                "_margin_mobile": {
                                    "unit": "px",
                                    "top": "0",
                                    "right": "0",
                                    "bottom": "20",
                                    "left": "0",
                                    "isLinked": false
                                },
                                "selected_icon": {
                                    "value": "fas fa-truck",
                                    "library": "fa-solid"
                                }
                            },
                            "elements": [],
                            "isInner": false,
                            "widgetType": "icon-box",
                            "elType": "widget"
                        }
                    ],
                    "isInner": true,
                    "elType": "container"
                },
                {
                    "id": "4976fdc1",
                    "settings": {
                        "flex_direction": "column",
                        "content_width": "full",
                        "width": {
                            "unit": "%",
                            "size": "25"
                        },
                        "width_tablet": {
                            "unit": "%",
                            "size": "",
                            "sizes": []
                        },
                        "width_mobile": {
                            "unit": "%",
                            "size": "",
                            "sizes": []
                        }
                    },
                    "elements": [
                        {
                            "id": "25de7011",
                            "settings": {
                                "title_text": "Money Guarantee",
                                "description_text": "Lorem ipsum dolor sit amet, consectetur adipiscing elit.",
                                "__globals__": {
                                    "primary_color": "globals\/colors?id=84ab9b4"
                                },
                                "_margin_mobile": {
                                    "unit": "px",
                                    "top": "0",
                                    "right": "0",
                                    "bottom": "20",
                                    "left": "0",
                                    "isLinked": false
                                },
                                "selected_icon": {
                                    "value": "fas fa-money-bill-wave",
                                    "library": "fa-solid"
                                }
                            },
                            "elements": [],
                            "isInner": false,
                            "widgetType": "icon-box",
                            "elType": "widget"
                        }
                    ],
                    "isInner": true,
                    "elType": "container"
                },
                {
                    "id": "2288e337",
                    "settings": {
                        "flex_direction": "column",
                        "content_width": "full",
                        "width": {
                            "unit": "%",
                            "size": "25"
                        },
                        "width_tablet": {
                            "unit": "%",
                            "size": "",
                            "sizes": []
                        },
                        "width_mobile": {
                            "unit": "%",
                            "size": "",
                            "sizes": []
                        }
                    },
                    "elements": [
                        {
                            "id": "7f60e00",
                            "settings": {
                                "title_text": "Free Gift",
                                "description_text": "Lorem ipsum dolor sit amet, consectetur adipiscing elit.",
                                "__globals__": {
                                    "primary_color": "globals\/colors?id=84ab9b4"
                                },
                                "_margin_mobile": {
                                    "unit": "px",
                                    "top": "0",
                                    "right": "0",
                                    "bottom": "20",
                                    "left": "0",
                                    "isLinked": false
                                },
                                "selected_icon": {
                                    "value": "fas fa-gift",
                                    "library": "fa-solid"
                                }
                            },
                            "elements": [],
                            "isInner": false,
                            "widgetType": "icon-box",
                            "elType": "widget"
                        }
                    ],
                    "isInner": true,
                    "elType": "container"
                },
                {
                    "id": "7062902",
                    "settings": {
                        "flex_direction": "column",
                        "content_width": "full",
                        "width": {
                            "unit": "%",
                            "size": "25"
                        },
                        "width_tablet": {
                            "unit": "%",
                            "size": "",
                            "sizes": []
                        },
                        "width_mobile": {
                            "unit": "%",
                            "size": "",
                            "sizes": []
                        }
                    },
                    "elements": [
                        {
                            "id": "53747b11",
                            "settings": {
                                "title_text": "Safety Packing",
                                "description_text": "Lorem ipsum dolor sit amet, consectetur adipiscing elit.",
                                "__globals__": {
                                    "primary_color": "globals\/colors?id=84ab9b4"
                                },
                                "selected_icon": {
                                    "value": "fas fa-box",
                                    "library": "fa-solid"
                                }
                            },
                            "elements": [],
                            "isInner": false,
                            "widgetType": "icon-box",
                            "elType": "widget"
                        }
                    ],
                    "isInner": true,
                    "elType": "container"
                }
            ],
            "isInner": false,
            "elType": "container"
        },
        {
            "id": "10ce65d7",
            "settings": {
                "flex_direction": "row",
                "flex_wrap": "wrap",
                "flex_gap": {
                    "unit": "px",
                    "size": 0,
                    "column": "0",
                    "row": "0"
                },
                "background_background": "classic",
                "padding": {
                    "unit": "px",
                    "top": "130",
                    "right": "0",
                    "bottom": "50",
                    "left": "0",
                    "isLinked": false
                },
                "__globals__": {
                    "background_color": "globals\/colors?id=d1c733e"
                },
                "margin": {
                    "unit": "px",
                    "top": "-80",
                    "right": "0",
                    "bottom": "0",
                    "left": "0",
                    "isLinked": false
                },
                "padding_tablet": {
                    "unit": "px",
                    "top": "130",
                    "right": "20",
                    "bottom": "40",
                    "left": "20",
                    "isLinked": false
                }
            },
            "elements": [
                {
                    "id": "cc0971d",
                    "settings": {
                        "flex_direction": "column",
                        "content_width": "full",
                        "width": {
                            "unit": "%",
                            "size": "50"
                        },
                        "margin": {
                            "unit": "px",
                            "top": "0",
                            "right": "0",
                            "bottom": "30",
                            "left": "0",
                            "isLinked": false
                        },
                        "flex_justify_content": "center"
                    },
                    "elements": [
                        {
                            "id": "5fb190e8",
                            "settings": {
                                "image": {
                                    "url": "http:\/\/eco.astylers.com\/bibishup\/wp-content\/uploads\/sites\/2\/2024\/02\/logo-bibishup-white.png",
                                    "id": 1240,
                                    "size": "",
                                    "alt": "",
                                    "source": "library"
                                },
                                "image_size": "custom",
                                "image_custom_dimension": {
                                    "width": "",
                                    "height": "45"
                                },
                                "align": "left",
                                "space": {
                                    "unit": "%",
                                    "size": 35,
                                    "sizes": []
                                }
                            },
                            "elements": [],
                            "isInner": false,
                            "widgetType": "image",
                            "elType": "widget"
                        }
                    ],
                    "isInner": true,
                    "elType": "container"
                },
                {
                    "id": "3da442a3",
                    "settings": {
                        "flex_direction": "row",
                        "content_width": "full",
                        "width": {
                            "unit": "%",
                            "size": "50"
                        },
                        "margin": {
                            "unit": "px",
                            "top": "0",
                            "right": "0",
                            "bottom": "30",
                            "left": "0",
                            "isLinked": false
                        },
                        "flex_justify_content": "flex-end",
                        "flex_justify_content_mobile": "flex-start"
                    },
                    "elements": [
                        {
                            "id": "55e21537",
                            "settings": {
                                "selected_icon": {
                                    "value": "fab fa-google-play",
                                    "library": "fa-brands"
                                },
                                "title_text": "Google Play",
                                "description_text": "",
                                "title_size": "h6",
                                "position": "left",
                                "content_vertical_alignment": "middle",
                                "icon_space": {
                                    "unit": "px",
                                    "size": 7,
                                    "sizes": []
                                },
                                "icon_size": {
                                    "unit": "px",
                                    "size": 30,
                                    "sizes": []
                                },
                                "_padding": {
                                    "unit": "px",
                                    "top": "5",
                                    "right": "10",
                                    "bottom": "5",
                                    "left": "10",
                                    "isLinked": false
                                },
                                "_flex_align_self": "flex-start",
                                "_background_background": "classic",
                                "_border_radius": {
                                    "unit": "px",
                                    "top": "10",
                                    "right": "10",
                                    "bottom": "10",
                                    "left": "10",
                                    "isLinked": true
                                },
                                "__globals__": {
                                    "_background_color": "globals\/colors?id=a2e875e",
                                    "primary_color": "globals\/colors?id=primary"
                                },
                                "position_mobile": "left"
                            },
                            "elements": [],
                            "isInner": false,
                            "widgetType": "icon-box",
                            "elType": "widget"
                        },
                        {
                            "id": "402bc68f",
                            "settings": {
                                "selected_icon": {
                                    "value": "fab fa-apple",
                                    "library": "fa-brands"
                                },
                                "title_text": "App Store",
                                "description_text": "",
                                "title_size": "h6",
                                "position": "left",
                                "content_vertical_alignment": "middle",
                                "icon_space": {
                                    "unit": "px",
                                    "size": 7,
                                    "sizes": []
                                },
                                "icon_size": {
                                    "unit": "px",
                                    "size": 30,
                                    "sizes": []
                                },
                                "_padding": {
                                    "unit": "px",
                                    "top": "5",
                                    "right": "10",
                                    "bottom": "5",
                                    "left": "10",
                                    "isLinked": false
                                },
                                "_flex_align_self": "flex-start",
                                "_background_background": "classic",
                                "_border_radius": {
                                    "unit": "px",
                                    "top": "10",
                                    "right": "10",
                                    "bottom": "10",
                                    "left": "10",
                                    "isLinked": true
                                },
                                "__globals__": {
                                    "_background_color": "globals\/colors?id=a2e875e",
                                    "primary_color": "globals\/colors?id=primary"
                                },
                                "position_mobile": "left"
                            },
                            "elements": [],
                            "isInner": false,
                            "widgetType": "icon-box",
                            "elType": "widget"
                        }
                    ],
                    "isInner": true,
                    "elType": "container"
                },
                {
                    "id": "43ef8d3",
                    "settings": {
                        "content_width": "full",
                        "width": {
                            "unit": "%",
                            "size": 25
                        },
                        "width_tablet": {
                            "unit": "%",
                            "size": 50,
                            "sizes": []
                        },
                        "width_mobile": {
                            "unit": "%",
                            "size": "",
                            "sizes": []
                        },
                        "flex_align_items_mobile": "stretch",
                        "margin_mobile": {
                            "unit": "px",
                            "top": "0",
                            "right": "0",
                            "bottom": "20",
                            "left": "0",
                            "isLinked": false
                        },
                        "margin_tablet": {
                            "unit": "px",
                            "top": "0",
                            "right": "0",
                            "bottom": "20",
                            "left": "0",
                            "isLinked": false
                        }
                    },
                    "elements": [
                        {
                            "id": "1062dcdf",
                            "settings": {
                                "selected_icon": {
                                    "value": "fas fa-envelope",
                                    "library": "fa-solid"
                                },
                                "title_text": "Get in touch",
                                "description_text": "ex@domain.com",
                                "position": "left",
                                "content_vertical_alignment": "middle",
                                "icon_size": {
                                    "unit": "px",
                                    "size": 30,
                                    "sizes": []
                                },
                                "title_bottom_space": {
                                    "unit": "px",
                                    "size": 8,
                                    "sizes": []
                                },
                                "title_typography_typography": "custom",
                                "title_typography_font_family": "Nunito Sans",
                                "title_typography_font_size": {
                                    "unit": "em",
                                    "size": 0.875,
                                    "sizes": []
                                },
                                "title_typography_font_size_tablet": {
                                    "unit": "em",
                                    "size": "",
                                    "sizes": []
                                },
                                "title_typography_font_size_mobile": {
                                    "unit": "em",
                                    "size": "",
                                    "sizes": []
                                },
                                "title_typography_font_weight": "400",
                                "description_typography_typography": "custom",
                                "description_typography_font_family": "Nunito Sans",
                                "description_typography_font_size": {
                                    "unit": "em",
                                    "size": 1.125,
                                    "sizes": []
                                },
                                "description_typography_font_size_tablet": {
                                    "unit": "em",
                                    "size": "",
                                    "sizes": []
                                },
                                "description_typography_font_size_mobile": {
                                    "unit": "em",
                                    "size": "",
                                    "sizes": []
                                },
                                "description_typography_font_weight": "400",
                                "__globals__": {
                                    "primary_color": "globals\/colors?id=84ab9b4",
                                    "title_color": "globals\/colors?id=a2e875e",
                                    "description_color": "globals\/colors?id=a2e875e"
                                },
                                "text_align_mobile": "left"
                            },
                            "elements": [],
                            "isInner": false,
                            "widgetType": "icon-box",
                            "elType": "widget"
                        },
                        {
                            "id": "48a71266",
                            "settings": {
                                "selected_icon": {
                                    "value": "fas fa-store-alt",
                                    "library": "fa-solid"
                                },
                                "title_text": "Our Store",
                                "description_text": "633, Northwest, Apartment 11, USA",
                                "position": "left",
                                "content_vertical_alignment": "middle",
                                "icon_size": {
                                    "unit": "px",
                                    "size": 30,
                                    "sizes": []
                                },
                                "title_bottom_space": {
                                    "unit": "px",
                                    "size": 8,
                                    "sizes": []
                                },
                                "title_typography_typography": "custom",
                                "title_typography_font_family": "Nunito Sans",
                                "title_typography_font_size": {
                                    "unit": "em",
                                    "size": 0.875,
                                    "sizes": []
                                },
                                "title_typography_font_size_tablet": {
                                    "unit": "em",
                                    "size": "",
                                    "sizes": []
                                },
                                "title_typography_font_size_mobile": {
                                    "unit": "em",
                                    "size": "",
                                    "sizes": []
                                },
                                "title_typography_font_weight": "400",
                                "description_typography_typography": "custom",
                                "description_typography_font_family": "Nunito Sans",
                                "description_typography_font_size": {
                                    "unit": "em",
                                    "size": 1.125,
                                    "sizes": []
                                },
                                "description_typography_font_size_tablet": {
                                    "unit": "em",
                                    "size": "",
                                    "sizes": []
                                },
                                "description_typography_font_size_mobile": {
                                    "unit": "em",
                                    "size": "",
                                    "sizes": []
                                },
                                "description_typography_font_weight": "400",
                                "__globals__": {
                                    "primary_color": "globals\/colors?id=84ab9b4",
                                    "title_color": "globals\/colors?id=a2e875e",
                                    "description_color": "globals\/colors?id=a2e875e"
                                },
                                "text_align_mobile": "left",
                                "_flex_align_self_mobile": "flex-start"
                            },
                            "elements": [],
                            "isInner": false,
                            "widgetType": "icon-box",
                            "elType": "widget"
                        }
                    ],
                    "isInner": true,
                    "elType": "container"
                },
                {
                    "id": "276f932d",
                    "settings": {
                        "flex_direction": "column",
                        "content_width": "full",
                        "width": {
                            "unit": "%",
                            "size": 25
                        },
                        "width_tablet": {
                            "unit": "%",
                            "size": 50,
                            "sizes": []
                        },
                        "width_mobile": {
                            "unit": "%",
                            "size": "",
                            "sizes": []
                        },
                        "margin_mobile": {
                            "unit": "px",
                            "top": "0",
                            "right": "0",
                            "bottom": "20",
                            "left": "0",
                            "isLinked": false
                        },
                        "margin_tablet": {
                            "unit": "px",
                            "top": "0",
                            "right": "0",
                            "bottom": "20",
                            "left": "0",
                            "isLinked": false
                        }
                    },
                    "elements": [
                        {
                            "id": "7db6cdde",
                            "settings": {
                                "icon_list": [
                                    {
                                        "text": "Wishlist",
                                        "selected_icon": {
                                            "value": "",
                                            "library": ""
                                        },
                                        "_id": "a3aadfe"
                                    },
                                    {
                                        "text": "Voucher",
                                        "selected_icon": {
                                            "value": "",
                                            "library": ""
                                        },
                                        "_id": "fe04b0e"
                                    },
                                    {
                                        "text": "Free Shipping",
                                        "selected_icon": {
                                            "value": "",
                                            "library": ""
                                        },
                                        "_id": "5bd4b2b"
                                    },
                                    {
                                        "text": "Payment",
                                        "selected_icon": {
                                            "value": "",
                                            "library": ""
                                        },
                                        "_id": "26ce477"
                                    },
                                    {
                                        "text": "Guarantee",
                                        "selected_icon": {
                                            "value": "",
                                            "library": ""
                                        },
                                        "_id": "d6e26f7"
                                    }
                                ],
                                "space_between": {
                                    "unit": "px",
                                    "size": 15,
                                    "sizes": []
                                },
                                "icon_typography_typography": "custom",
                                "icon_typography_font_family": "Nunito Sans",
                                "icon_typography_font_size": {
                                    "unit": "rem",
                                    "size": 1.063,
                                    "sizes": []
                                },
                                "icon_typography_font_weight": "500",
                                "icon_typography_line_height": {
                                    "unit": "em",
                                    "size": 1.2,
                                    "sizes": []
                                },
                                "__globals__": {
                                    "icon_typography_typography": "",
                                    "text_color": "globals\/colors?id=a2e875e"
                                }
                            },
                            "elements": [],
                            "isInner": false,
                            "widgetType": "icon-list",
                            "elType": "widget"
                        }
                    ],
                    "isInner": true,
                    "elType": "container"
                },
                {
                    "id": "6275b579",
                    "settings": {
                        "flex_direction": "column",
                        "content_width": "full",
                        "width": {
                            "unit": "%",
                            "size": 25
                        },
                        "width_tablet": {
                            "unit": "%",
                            "size": 50,
                            "sizes": []
                        },
                        "width_mobile": {
                            "unit": "%",
                            "size": "",
                            "sizes": []
                        },
                        "margin_mobile": {
                            "unit": "px",
                            "top": "0",
                            "right": "0",
                            "bottom": "20",
                            "left": "0",
                            "isLinked": false
                        }
                    },
                    "elements": [
                        {
                            "id": "7b49cb3f",
                            "settings": {
                                "icon_list": [
                                    {
                                        "text": "Order Tracking",
                                        "selected_icon": {
                                            "value": "",
                                            "library": ""
                                        },
                                        "_id": "a3aadfe"
                                    },
                                    {
                                        "text": "Terms & Conditions",
                                        "selected_icon": {
                                            "value": "",
                                            "library": ""
                                        },
                                        "_id": "fe04b0e"
                                    },
                                    {
                                        "text": "Privacy Policy",
                                        "selected_icon": {
                                            "value": "",
                                            "library": ""
                                        },
                                        "_id": "5bd4b2b"
                                    },
                                    {
                                        "text": "Tutorials",
                                        "selected_icon": {
                                            "value": "",
                                            "library": ""
                                        },
                                        "_id": "26ce477"
                                    },
                                    {
                                        "text": "Faqs",
                                        "selected_icon": {
                                            "value": "",
                                            "library": ""
                                        },
                                        "_id": "d6e26f7"
                                    }
                                ],
                                "space_between": {
                                    "unit": "px",
                                    "size": 15,
                                    "sizes": []
                                },
                                "icon_typography_typography": "custom",
                                "icon_typography_font_family": "Nunito Sans",
                                "icon_typography_font_size": {
                                    "unit": "rem",
                                    "size": 1.063,
                                    "sizes": []
                                },
                                "icon_typography_font_weight": "500",
                                "icon_typography_line_height": {
                                    "unit": "em",
                                    "size": 1.2,
                                    "sizes": []
                                },
                                "__globals__": {
                                    "icon_typography_typography": "",
                                    "text_color": "globals\/colors?id=a2e875e"
                                }
                            },
                            "elements": [],
                            "isInner": false,
                            "widgetType": "icon-list",
                            "elType": "widget"
                        }
                    ],
                    "isInner": true,
                    "elType": "container"
                },
                {
                    "id": "798b6f2d",
                    "settings": {
                        "flex_direction": "column",
                        "content_width": "full",
                        "width": {
                            "unit": "%",
                            "size": 25
                        },
                        "width_tablet": {
                            "unit": "%",
                            "size": 50,
                            "sizes": []
                        },
                        "width_mobile": {
                            "unit": "%",
                            "size": "",
                            "sizes": []
                        }
                    },
                    "elements": [
                        {
                            "id": "4533fbd3",
                            "settings": {
                                "selected_icon": {
                                    "value": "fas fa-phone-alt",
                                    "library": "fa-solid"
                                },
                                "title_text": "Need help? Call us!",
                                "description_text": "(+0) 12 345 6789",
                                "position": "left",
                                "content_vertical_alignment": "middle",
                                "icon_size": {
                                    "unit": "px",
                                    "size": 30,
                                    "sizes": []
                                },
                                "title_bottom_space": {
                                    "unit": "px",
                                    "size": 8,
                                    "sizes": []
                                },
                                "title_typography_typography": "custom",
                                "title_typography_font_family": "Nunito Sans",
                                "title_typography_font_size": {
                                    "unit": "em",
                                    "size": 0.875,
                                    "sizes": []
                                },
                                "title_typography_font_size_tablet": {
                                    "unit": "em",
                                    "size": "",
                                    "sizes": []
                                },
                                "title_typography_font_size_mobile": {
                                    "unit": "em",
                                    "size": "",
                                    "sizes": []
                                },
                                "title_typography_font_weight": "400",
                                "description_typography_typography": "custom",
                                "description_typography_font_family": "Nunito Sans",
                                "description_typography_font_size": {
                                    "unit": "em",
                                    "size": 1.125,
                                    "sizes": []
                                },
                                "description_typography_font_size_tablet": {
                                    "unit": "em",
                                    "size": "",
                                    "sizes": []
                                },
                                "description_typography_font_size_mobile": {
                                    "unit": "em",
                                    "size": "",
                                    "sizes": []
                                },
                                "description_typography_font_weight": "400",
                                "__globals__": {
                                    "primary_color": "globals\/colors?id=84ab9b4",
                                    "title_color": "globals\/colors?id=a2e875e",
                                    "description_color": "globals\/colors?id=a2e875e"
                                },
                                "text_align_mobile": "left"
                            },
                            "elements": [],
                            "isInner": false,
                            "widgetType": "icon-box",
                            "elType": "widget"
                        },
                        {
                            "id": "39ba83a8",
                            "settings": {
                                "social_icon_list": [
                                    {
                                        "social_icon": {
                                            "value": "fab fa-facebook-f",
                                            "library": "fa-brands"
                                        },
                                        "_id": "ee03e1d"
                                    },
                                    {
                                        "social_icon": {
                                            "value": "fab fa-twitter",
                                            "library": "fa-brands"
                                        },
                                        "_id": "ad246fb"
                                    },
                                    {
                                        "social_icon": {
                                            "value": "fab fa-instagram",
                                            "library": "fa-brands"
                                        },
                                        "_id": "ad8e830"
                                    },
                                    {
                                        "social_icon": {
                                            "value": "fab fa-tiktok",
                                            "library": "fa-brands"
                                        },
                                        "_id": "55b2101"
                                    }
                                ],
                                "align": "left",
                                "icon_color": "custom",
                                "icon_size": {
                                    "unit": "px",
                                    "size": 18,
                                    "sizes": []
                                },
                                "border_radius": {
                                    "unit": "px",
                                    "top": "8",
                                    "right": "8",
                                    "bottom": "8",
                                    "left": "8",
                                    "isLinked": true
                                },
                                "__globals__": {
                                    "icon_primary_color": "globals\/colors?id=a2e875e",
                                    "icon_secondary_color": "globals\/colors?id=primary",
                                    "hover_primary_color": "globals\/colors?id=84ab9b4",
                                    "hover_secondary_color": "globals\/colors?id=a2e875e"
                                }
                            },
                            "elements": [],
                            "isInner": false,
                            "widgetType": "social-icons",
                            "elType": "widget"
                        }
                    ],
                    "isInner": true,
                    "elType": "container"
                }
            ],
            "isInner": false,
            "elType": "container"
        },
        {
            "id": "364c7ca8",
            "settings": {
                "flex_direction": "row",
                "flex_gap": {
                    "unit": "px",
                    "size": 0,
                    "column": "0",
                    "row": "0"
                },
                "flex_align_items": "center",
                "flex_wrap": "wrap",
                "background_background": "classic",
                "__globals__": {
                    "background_color": "globals\/colors?id=d1c733e"
                },
                "padding": {
                    "unit": "px",
                    "top": "0",
                    "right": "0",
                    "bottom": "30",
                    "left": "0",
                    "isLinked": false
                },
                "padding_tablet": {
                    "unit": "px",
                    "top": "0",
                    "right": "20",
                    "bottom": "30",
                    "left": "20",
                    "isLinked": false
                }
            },
            "elements": [
                {
                    "id": "181ef403",
                    "settings": {
                        "flex_direction": "column",
                        "content_width": "full",
                        "width": {
                            "unit": "%",
                            "size": "50"
                        }
                    },
                    "elements": [
                        {
                            "id": "eb7be5a",
                            "settings": {
                                "title": "Copyright \u00a9 All Right Reserved",
                                "header_size": "p",
                                "__globals__": {
                                    "title_color": "globals\/colors?id=a2e875e"
                                }
                            },
                            "elements": [],
                            "isInner": false,
                            "widgetType": "heading",
                            "elType": "widget"
                        }
                    ],
                    "isInner": true,
                    "elType": "container"
                },
                {
                    "id": "72770ba3",
                    "settings": {
                        "flex_direction": "column",
                        "content_width": "full",
                        "width": {
                            "unit": "%",
                            "size": "50"
                        }
                    },
                    "elements": [
                        {
                            "id": "2c604059",
                            "settings": {
                                "view": "inline",
                                "icon_list": [
                                    {
                                        "text": "",
                                        "selected_icon": {
                                            "value": "fab fa-cc-visa",
                                            "library": "fa-brands"
                                        },
                                        "_id": "0245514"
                                    },
                                    {
                                        "text": "",
                                        "selected_icon": {
                                            "value": "fab fa-cc-mastercard",
                                            "library": "fa-brands"
                                        },
                                        "_id": "436317c"
                                    },
                                    {
                                        "text": "",
                                        "selected_icon": {
                                            "value": "fab fa-cc-paypal",
                                            "library": "fa-brands"
                                        },
                                        "_id": "cb07dec"
                                    },
                                    {
                                        "text": "",
                                        "selected_icon": {
                                            "value": "fab fa-cc-amazon-pay",
                                            "library": "fa-brands"
                                        },
                                        "_id": "ccdfa24"
                                    }
                                ],
                                "space_between": {
                                    "unit": "px",
                                    "size": 0,
                                    "sizes": []
                                },
                                "icon_align": "right",
                                "icon_size": {
                                    "unit": "px",
                                    "size": 25,
                                    "sizes": []
                                },
                                "__globals__": {
                                    "icon_color": "globals\/colors?id=a2e875e"
                                },
                                "icon_align_mobile": "left"
                            },
                            "elements": [],
                            "isInner": false,
                            "widgetType": "icon-list",
                            "elType": "widget"
                        }
                    ],
                    "isInner": true,
                    "elType": "container"
                }
            ],
            "isInner": false,
            "elType": "container"
        }
    ]
}