{
    "version": "0.4",
    "title": "Global Kit Styles",
    "type": "section",
    "metadata": {
        "template_type": "global-styles",
        "include_in_zip": "1",
        "elementor_pro_required": "1",
        "additional_template_information": [
            "These are the global theme styles configured through the Elementor Theme Styles area."
        ],
        "wp_page_template": "default"
    },
    "content": [],
    "page_settings": {
        "system_colors": [
            {
                "_id": "primary",
                "title": "Primary",
                "color": "#111111"
            },
            {
                "_id": "secondary",
                "title": "Secondary",
                "color": "#141414"
            },
            {
                "_id": "text",
                "title": "Text",
                "color": "#5A5A5A"
            },
            {
                "_id": "accent",
                "title": "Accent",
                "color": "#F6985B"
            }
        ],
        "custom_colors": [
            {
                "_id": "a2e875e",
                "title": "White",
                "color": "#FFFFFF"
            },
            {
                "_id": "0c9653f",
                "title": "BG Light",
                "color": "#F2F7F8"
            },
            {
                "_id": "d1c733e",
                "title": "BG Dark",
                "color": "#0C0C12"
            },
            {
                "_id": "3b5cda1",
                "title": "Border Color",
                "color": "#A1A1A1"
            },
            {
                "_id": "84ab9b4",
                "title": "Alternate Accent",
                "color": "#6DA4B0"
            },
            {
                "_id": "20f4ca1",
                "title": "Alternate Accent 2",
                "color": "#C9D2E3"
            }
        ],
        "system_typography": [
            {
                "_id": "primary",
                "title": "Primary",
                "typography_typography": "custom",
                "typography_font_family": "Cormorant",
                "typography_font_weight": "700",
                "typography_font_size": {
                    "unit": "rem",
                    "size": 2.8,
                    "sizes": []
                }
            },
            {
                "_id": "secondary",
                "title": "Secondary",
                "typography_typography": "custom",
                "typography_font_family": "Cormorant",
                "typography_font_weight": "600",
                "typography_font_size": {
                    "unit": "rem",
                    "size": 1.5,
                    "sizes": []
                }
            },
            {
                "_id": "text",
                "title": "Text",
                "typography_typography": "custom",
                "typography_font_family": "Nunito Sans",
                "typography_font_weight": "400",
                "typography_font_size": {
                    "unit": "rem",
                    "size": 1,
                    "sizes": []
                },
                "typography_line_height": {
                    "unit": "em",
                    "size": 1.5,
                    "sizes": []
                },
                "typography_letter_spacing": {
                    "unit": "px",
                    "size": 0.2,
                    "sizes": []
                }
            },
            {
                "_id": "accent",
                "title": "Accent",
                "typography_typography": "custom",
                "typography_font_family": "Nunito Sans",
                "typography_font_weight": "800",
                "typography_font_size": {
                    "unit": "rem",
                    "size": 0.9,
                    "sizes": []
                },
                "typography_letter_spacing": {
                    "unit": "px",
                    "size": 0.3,
                    "sizes": []
                },
                "typography_text_transform": "uppercase"
            }
        ],
        "custom_typography": [
            {
                "_id": "5fbee93",
                "title": "h1",
                "typography_typography": "custom",
                "typography_font_family": "Baloo 2",
                "typography_font_size": {
                    "unit": "rem",
                    "size": 4,
                    "sizes": []
                },
                "typography_font_weight": "700",
                "typography_line_height": {
                    "unit": "em",
                    "size": 1.2,
                    "sizes": []
                },
                "typography_line_height_tablet": {
                    "unit": "em",
                    "size": 0.9,
                    "sizes": []
                },
                "typography_font_size_mobile": {
                    "unit": "rem",
                    "size": 3.4,
                    "sizes": []
                }
            },
            {
                "_id": "8ddc8ab",
                "title": "h2",
                "typography_typography": "custom",
                "typography_font_family": "Baloo 2",
                "typography_font_size": {
                    "unit": "rem",
                    "size": 2.813,
                    "sizes": []
                },
                "typography_font_weight": "600",
                "typography_line_height": {
                    "unit": "em",
                    "size": 1.2,
                    "sizes": []
                }
            },
            {
                "_id": "cdb430a",
                "title": "h3",
                "typography_typography": "custom",
                "typography_font_family": "Baloo 2",
                "typography_font_size": {
                    "unit": "rem",
                    "size": 1.5,
                    "sizes": []
                },
                "typography_font_weight": "600",
                "typography_line_height": {
                    "unit": "em",
                    "size": 1.2,
                    "sizes": []
                }
            },
            {
                "_id": "9fa221a",
                "title": "h4",
                "typography_typography": "custom",
                "typography_font_family": "Montserrat",
                "typography_font_size": {
                    "unit": "rem",
                    "size": 1,
                    "sizes": []
                },
                "typography_font_weight": "500",
                "typography_line_height": {
                    "unit": "em",
                    "size": 1.2,
                    "sizes": []
                }
            },
            {
                "_id": "fd78c8f",
                "title": "h5",
                "typography_typography": "custom",
                "typography_font_family": "Montserrat",
                "typography_font_size": {
                    "unit": "rem",
                    "size": 1.125,
                    "sizes": []
                },
                "typography_font_weight": "500",
                "typography_line_height": {
                    "unit": "em",
                    "size": 1.3,
                    "sizes": []
                }
            },
            {
                "_id": "95652f2",
                "title": "h6",
                "typography_typography": "custom",
                "typography_font_family": "Baloo 2",
                "typography_font_size": {
                    "unit": "rem",
                    "size": 1,
                    "sizes": []
                },
                "typography_font_weight": "normal",
                "typography_line_height": {
                    "unit": "em",
                    "size": 1.2,
                    "sizes": []
                }
            },
            {
                "_id": "5a6f1d3",
                "title": "menus",
                "typography_typography": "custom",
                "typography_font_family": "Montserrat",
                "typography_font_size": {
                    "unit": "rem",
                    "size": 0.938,
                    "sizes": []
                },
                "typography_font_weight": "600"
            },
            {
                "_id": "207436c",
                "title": "Blog meta",
                "typography_typography": "custom",
                "typography_font_family": "Montserrat",
                "typography_font_size": {
                    "unit": "rem",
                    "size": 0.9,
                    "sizes": []
                }
            },
            {
                "_id": "3e0aef3",
                "title": "Counter",
                "typography_typography": "custom",
                "typography_font_family": "Montserrat",
                "typography_font_size": {
                    "unit": "rem",
                    "size": 3.9,
                    "sizes": []
                },
                "typography_font_weight": "600",
                "typography_line_height": {
                    "unit": "em",
                    "size": 1,
                    "sizes": []
                }
            },
            {
                "_id": "4854782",
                "title": "404",
                "typography_typography": "custom",
                "typography_font_family": "Montserrat",
                "typography_font_size": {
                    "unit": "rem",
                    "size": 9,
                    "sizes": []
                },
                "typography_font_weight": "700"
            },
            {
                "_id": "304839f",
                "title": "Category Text",
                "typography_typography": "custom",
                "typography_font_family": "Montserrat",
                "typography_font_size": {
                    "unit": "rem",
                    "size": 0.9,
                    "sizes": []
                },
                "typography_font_weight": "400",
                "typography_text_transform": "uppercase",
                "typography_letter_spacing": {
                    "unit": "px",
                    "size": 1,
                    "sizes": []
                }
            },
            {
                "_id": "272e830",
                "title": "Short Text",
                "typography_typography": "custom",
                "typography_font_family": "Montserrat",
                "typography_font_size": {
                    "unit": "rem",
                    "size": 1.063,
                    "sizes": []
                },
                "typography_font_weight": "500",
                "typography_line_height": {
                    "unit": "em",
                    "size": 1.2,
                    "sizes": []
                }
            },
            {
                "_id": "d407dbb",
                "title": "Link More",
                "typography_typography": "custom",
                "typography_font_family": "Montserrat",
                "typography_font_size": {
                    "unit": "rem",
                    "size": 0.813,
                    "sizes": []
                },
                "typography_font_weight": "400",
                "typography_text_decoration": "underline"
            }
        ],
        "default_generic_fonts": "Sans-serif",
        "button_border_radius": {
            "unit": "px",
            "top": "30",
            "right": "30",
            "bottom": "30",
            "left": "30",
            "isLinked": true
        },
        "page_title_selector": "h1.entry-title",
        "hello_footer_copyright_text": "All rights reserved",
        "button_padding_tablet": {
            "unit": "px",
            "top": "16",
            "right": "30",
            "bottom": "16",
            "left": "30",
            "isLinked": false
        },
        "activeItemIndex": 1,
        "__globals__": {
            "body_color": "globals\/colors?id=text",
            "body_typography_typography": "globals\/typography?id=text",
            "link_normal_color": "globals\/colors?id=secondary",
            "link_normal_typography_typography": "",
            "link_hover_color": "globals\/colors?id=accent",
            "link_hover_typography_typography": "",
            "h1_color": "globals\/colors?id=primary",
            "h1_typography_typography": "globals\/typography?id=5fbee93",
            "h2_color": "globals\/colors?id=secondary",
            "h2_typography_typography": "globals\/typography?id=8ddc8ab",
            "h3_color": "globals\/colors?id=secondary",
            "h3_typography_typography": "globals\/typography?id=cdb430a",
            "h4_color": "globals\/colors?id=secondary",
            "h4_typography_typography": "globals\/typography?id=9fa221a",
            "h5_color": "globals\/colors?id=secondary",
            "h5_typography_typography": "globals\/typography?id=fd78c8f",
            "h6_color": "globals\/colors?id=secondary",
            "button_typography_typography": "globals\/typography?id=accent",
            "button_text_color": "globals\/colors?id=a2e875e",
            "button_background_color": "globals\/colors?id=accent",
            "button_hover_text_color": "globals\/colors?id=a2e875e",
            "button_hover_background_color": "globals\/colors?id=84ab9b4",
            "h6_typography_typography": "globals\/typography?id=95652f2",
            "form_label_color": "globals\/colors?id=text",
            "form_field_background_color": "",
            "form_field_focus_background_color": "",
            "settings_page_transitions_background_color": "globals\/colors?id=primary",
            "form_field_border_color": "",
            "form_field_focus_border_color": "globals\/colors?id=accent"
        },
        "viewport_md": 768,
        "viewport_lg": 1025,
        "body_color": "#5A5A5A",
        "link_normal_color": "#141414",
        "link_normal_typography_font_family": "Arimo",
        "link_normal_typography_font_size": {
            "unit": "rem",
            "size": 1,
            "sizes": []
        },
        "link_normal_typography_font_weight": "400",
        "link_normal_typography_line_height": {
            "unit": "em",
            "size": 1.5,
            "sizes": []
        },
        "link_normal_typography_letter_spacing": {
            "unit": "px",
            "size": 0.2,
            "sizes": []
        },
        "link_hover_color": "#F6985B",
        "link_hover_typography_font_family": "Arimo",
        "link_hover_typography_font_size": {
            "unit": "rem",
            "size": 1,
            "sizes": []
        },
        "link_hover_typography_font_weight": "400",
        "link_hover_typography_line_height": {
            "unit": "em",
            "size": 1.5,
            "sizes": []
        },
        "link_hover_typography_letter_spacing": {
            "unit": "px",
            "size": 0.2,
            "sizes": []
        },
        "h2_color": "#141414",
        "h3_color": "#141414",
        "h4_color": "#141414",
        "h5_color": "#141414",
        "h6_color": "#141414",
        "button_typography_typography": "custom",
        "button_typography_font_family": "Montserrat",
        "button_typography_font_size": {
            "unit": "rem",
            "size": 0.9,
            "sizes": []
        },
        "button_typography_font_weight": "600",
        "button_typography_letter_spacing": {
            "unit": "px",
            "size": 0.3,
            "sizes": []
        },
        "button_hover_text_color": "#111111",
        "button_hover_background_color": "#C9D2E3",
        "button_padding": {
            "unit": "px",
            "top": "15",
            "right": "25",
            "bottom": "15",
            "left": "25",
            "isLinked": false
        },
        "form_field_border_radius": {
            "unit": "px",
            "top": "0",
            "right": "0",
            "bottom": "0",
            "left": "0",
            "isLinked": true
        },
        "form_field_focus_border_radius": {
            "unit": "px",
            "top": "0",
            "right": "0",
            "bottom": "0",
            "left": "0",
            "isLinked": true
        },
        "form_field_padding_mobile": {
            "unit": "px",
            "top": "15",
            "right": "20",
            "bottom": "15",
            "left": "20",
            "isLinked": false
        },
        "form_field_focus_border_width": {
            "unit": "px",
            "top": "1",
            "right": "1",
            "bottom": "1",
            "left": "1",
            "isLinked": false
        },
        "form_field_focus_transition_duration": {
            "unit": "px",
            "size": 0,
            "sizes": []
        },
        "form_field_padding": {
            "unit": "px",
            "top": "15",
            "right": "30",
            "bottom": "15",
            "left": "30",
            "isLinked": false
        },
        "settings_page_transitions_preloader_animation_type": "overlap",
        "settings_page_transitions_preloader_size": {
            "unit": "px",
            "size": 65,
            "sizes": []
        },
        "body_typography_typography": "custom",
        "body_typography_font_family": "Nunito Sans",
        "body_typography_font_size": {
            "unit": "rem",
            "size": 1,
            "sizes": []
        },
        "body_typography_font_weight": "400",
        "body_typography_line_height": {
            "unit": "em",
            "size": 1.5,
            "sizes": []
        },
        "body_typography_letter_spacing": {
            "unit": "px",
            "size": 0.2,
            "sizes": []
        },
        "button_border_border": "solid",
        "button_border_width": {
            "unit": "px",
            "top": "0",
            "right": "0",
            "bottom": "0",
            "left": "0",
            "isLinked": true
        },
        "button_hover_border_width": {
            "unit": "px",
            "top": "0",
            "right": "0",
            "bottom": "0",
            "left": "0",
            "isLinked": true
        },
        "form_label_color": "#5A5A5A",
        "form_field_border_width": {
            "unit": "px",
            "top": "1",
            "right": "1",
            "bottom": "1",
            "left": "1",
            "isLinked": false
        },
        "settings_page_transitions_background_color": "#111111",
        "form_field_border_color": "#CCCCCC",
        "form_field_focus_border_color": "#F6985B",
        "button_hover_box_shadow_box_shadow": {
            "horizontal": 0,
            "vertical": 6,
            "blur": 0,
            "spread": 0,
            "color": "#121418"
        },
        "button_typography_text_transform": "uppercase",
        "woocommerce_purchase_summary_page_id": false,
        "h1_color": "#111111",
        "h1_typography_typography": "custom",
        "h1_typography_font_family": "Nunito",
        "h1_typography_font_size": {
            "unit": "rem",
            "size": 4.25,
            "sizes": []
        },
        "h1_typography_font_weight": "800",
        "h1_typography_line_height": {
            "unit": "em",
            "size": 1.2,
            "sizes": []
        },
        "h2_typography_typography": "custom",
        "h2_typography_font_family": "Nunito",
        "h2_typography_font_size": {
            "unit": "rem",
            "size": 2.813,
            "sizes": []
        },
        "h2_typography_font_weight": "800",
        "h2_typography_line_height": {
            "unit": "em",
            "size": 1.2,
            "sizes": []
        },
        "h3_typography_typography": "custom",
        "h3_typography_font_family": "Nunito",
        "h3_typography_font_size": {
            "unit": "rem",
            "size": 1.5,
            "sizes": []
        },
        "h3_typography_font_weight": "700",
        "h3_typography_line_height": {
            "unit": "em",
            "size": 1.2,
            "sizes": []
        },
        "h4_typography_typography": "custom",
        "h4_typography_font_family": "Nunito",
        "h4_typography_font_size": {
            "unit": "rem",
            "size": 1.2,
            "sizes": []
        },
        "h4_typography_font_weight": "500",
        "h4_typography_line_height": {
            "unit": "em",
            "size": 1.2,
            "sizes": []
        },
        "h5_typography_typography": "custom",
        "h5_typography_font_family": "Nunito",
        "h5_typography_font_size": {
            "unit": "rem",
            "size": 1.125,
            "sizes": []
        },
        "h5_typography_font_weight": "600",
        "h5_typography_line_height": {
            "unit": "em",
            "size": 1.3,
            "sizes": []
        },
        "h6_typography_typography": "custom",
        "h6_typography_font_family": "Nunito",
        "h6_typography_font_size": {
            "unit": "rem",
            "size": 1,
            "sizes": []
        },
        "h6_typography_font_weight": "500",
        "h6_typography_line_height": {
            "unit": "em",
            "size": 1.2,
            "sizes": []
        },
        "h1_typography_font_size_mobile": {
            "unit": "rem",
            "size": 3.4,
            "sizes": []
        },
        "h1_typography_line_height_tablet": {
            "unit": "em",
            "size": 0.9,
            "sizes": []
        },
        "button_text_color": "#FFFFFF",
        "woocommerce_cart_page_id": "6",
        "woocommerce_checkout_page_id": "7",
        "woocommerce_myaccount_page_id": "8",
        "woocommerce_terms_page_id": "",
        "woocommerce_shop_page_id": "5"
    }
}