{
    "version": "0.4",
    "title": "Header",
    "type": "header",
    "metadata": {
        "template_type": "section-header",
        "include_in_zip": "1",
        "elementor_pro_required": "1",
        "elementor_library_type": "header",
        "elementor_pro_conditions": [
            "include\/general"
        ],
        "additional_template_information": [
            "This is a \"Header\" template for Elementor Pro.",
            "This template will display on: Entire Site."
        ],
        "wp_page_template": "default"
    },
    "content": [
        {
            "id": "1aaf814f",
            "settings": {
                "flex_direction": "row",
                "flex_gap": {
                    "unit": "px",
                    "size": 0,
                    "column": "0",
                    "row": "0"
                },
                "flex_align_items": "center"
            },
            "elements": [
                {
                    "id": "3dcafbbe",
                    "settings": {
                        "flex_direction": "column",
                        "content_width": "full",
                        "width": {
                            "unit": "%",
                            "size": 20
                        }
                    },
                    "elements": [
                        {
                            "id": "7e838b1b",
                            "settings": {
                                "image": {
                                    "url": "http:\/\/eco.astylers.com\/bibishup\/wp-content\/uploads\/sites\/2\/2024\/02\/logo-bibishup-black.png",
                                    "id": 1241,
                                    "size": "",
                                    "alt": "",
                                    "source": "library"
                                },
                                "image_size": "custom",
                                "image_custom_dimension": {
                                    "width": "",
                                    "height": "45"
                                }
                            },
                            "elements": [],
                            "isInner": false,
                            "widgetType": "image",
                            "elType": "widget"
                        }
                    ],
                    "isInner": true,
                    "elType": "container"
                },
                {
                    "id": "77c02d3b",
                    "settings": {
                        "flex_direction": "column",
                        "content_width": "full",
                        "width": {
                            "unit": "%",
                            "size": 30
                        }
                    },
                    "elements": [
                        {
                            "id": "767ad2f",
                            "settings": {
                                "placeholder": "Search...",
                                "button_text": "Search",
                                "button_border_width": {
                                    "unit": "px",
                                    "top": "0",
                                    "right": "0",
                                    "bottom": "0",
                                    "left": "0",
                                    "isLinked": true
                                },
                                "border_radius": {
                                    "unit": "px",
                                    "size": 30,
                                    "sizes": []
                                },
                                "button_background_color": "#F1F2F3",
                                "__globals__": {
                                    "button_text_color": "globals\/colors?id=primary",
                                    "input_border_color": ""
                                },
                                "input_box_shadow_box_shadow": {
                                    "horizontal": 0,
                                    "vertical": 0,
                                    "blur": 0,
                                    "spread": 0,
                                    "color": "rgba(0,0,0,0.5)"
                                }
                            },
                            "elements": [],
                            "isInner": false,
                            "widgetType": "search-form",
                            "elType": "widget"
                        }
                    ],
                    "isInner": true,
                    "elType": "container"
                },
                {
                    "id": "2db98064",
                    "settings": {
                        "flex_direction": "column",
                        "content_width": "full",
                        "width": {
                            "unit": "%",
                            "size": 50
                        }
                    },
                    "elements": [
                        {
                            "id": "7925297b",
                            "settings": {
                                "menu": "menu",
                                "align_items": "right",
                                "__globals__": {
                                    "menu_typography_typography": "globals\/typography?id=5a6f1d3",
                                    "color_dropdown_item_hover": "globals\/colors?id=a2e875e",
                                    "dropdown_typography_typography": "globals\/typography?id=5a6f1d3",
                                    "background_color_dropdown_item_hover": "globals\/colors?id=accent",
                                    "dropdown_border_color": "globals\/colors?id=primary"
                                },
                                "pointer": "none",
                                "dropdown_border_border": "solid",
                                "dropdown_border_width": {
                                    "unit": "px",
                                    "top": "1",
                                    "right": "1",
                                    "bottom": "1",
                                    "left": "1",
                                    "isLinked": true
                                },
                                "menu_id": 18
                            },
                            "elements": [],
                            "isInner": false,
                            "widgetType": "nav-menu",
                            "elType": "widget"
                        }
                    ],
                    "isInner": true,
                    "elType": "container"
                }
            ],
            "isInner": false,
            "elType": "container"
        }
    ]
}