{
    "version": "0.4",
    "title": "Login page",
    "type": "page",
    "metadata": {
        "template_type": "single-page",
        "include_in_zip": "1",
        "elementor_pro_required": "1",
        "wp_page_template": "elementor_header_footer"
    },
    "content": [
        {
            "id": "1364948b",
            "settings": {
                "background_background": "classic",
                "background_image": {
                    "url": "http:\/\/eco.astylers.com\/bibishup\/wp-content\/uploads\/sites\/2\/2023\/12\/image18941-1.jpg",
                    "id": 1450,
                    "size": "",
                    "alt": "",
                    "source": "library"
                },
                "padding": {
                    "unit": "px",
                    "top": "180",
                    "right": "0",
                    "bottom": "40",
                    "left": "0",
                    "isLinked": false
                },
                "__globals__": {
                    "background_color": ""
                },
                "background_position": "center center",
                "background_ypos": {
                    "unit": "px",
                    "size": -380,
                    "sizes": []
                },
                "background_repeat": "no-repeat",
                "background_size": "cover",
                "padding_tablet": {
                    "unit": "px",
                    "top": "180",
                    "right": "20",
                    "bottom": "40",
                    "left": "20",
                    "isLinked": false
                }
            },
            "elements": [
                {
                    "id": "77378c71",
                    "settings": {
                        "title": "Login Page",
                        "align": "center"
                    },
                    "elements": [],
                    "isInner": false,
                    "widgetType": "heading",
                    "elType": "widget"
                }
            ],
            "isInner": false,
            "elType": "container"
        },
        {
            "id": "6de6266e",
            "settings": {
                "flex_direction": "row",
                "flex_gap": {
                    "unit": "px",
                    "size": 0,
                    "column": "0",
                    "row": "0"
                },
                "content_width": "full",
                "padding": {
                    "unit": "px",
                    "top": "0",
                    "right": "0",
                    "bottom": "0",
                    "left": "0",
                    "isLinked": true
                }
            },
            "elements": [
                {
                    "id": "404a9f13",
                    "settings": {
                        "content_width": "full",
                        "width": {
                            "unit": "%",
                            "size": "50"
                        },
                        "flex_justify_content": "center",
                        "flex_align_items": "center",
                        "background_background": "classic",
                        "background_image": {
                            "url": "http:\/\/eco.astylers.com\/bibishup\/wp-content\/uploads\/sites\/2\/2024\/02\/image841.jpg",
                            "id": 1292,
                            "size": "",
                            "alt": "",
                            "source": "library"
                        },
                        "background_position": "center center",
                        "background_repeat": "no-repeat",
                        "background_size": "cover",
                        "background_overlay_background": "classic",
                        "padding": {
                            "unit": "px",
                            "top": "30",
                            "right": "30",
                            "bottom": "30",
                            "left": "30",
                            "isLinked": true
                        },
                        "__globals__": {
                            "background_overlay_color": "globals\/colors?id=84ab9b4"
                        }
                    },
                    "elements": [
                        {
                            "id": "1bc50281",
                            "settings": {
                                "space_mobile": {
                                    "unit": "px",
                                    "size": 250,
                                    "sizes": []
                                }
                            },
                            "elements": [],
                            "isInner": false,
                            "widgetType": "spacer",
                            "elType": "widget"
                        }
                    ],
                    "isInner": true,
                    "elType": "container"
                },
                {
                    "id": "146bbf46",
                    "settings": {
                        "content_width": "full",
                        "width": {
                            "unit": "%",
                            "size": "50"
                        },
                        "flex_align_items": "center",
                        "padding": {
                            "unit": "px",
                            "top": "120",
                            "right": "0",
                            "bottom": "120",
                            "left": "0",
                            "isLinked": false
                        },
                        "padding_tablet": {
                            "unit": "px",
                            "top": "120",
                            "right": "20",
                            "bottom": "120",
                            "left": "20",
                            "isLinked": false
                        }
                    },
                    "elements": [
                        {
                            "id": "29217602",
                            "settings": {
                                "title": "Welcome Back!",
                                "typography_font_family": "Montserrat",
                                "typography_font_size": {
                                    "unit": "rem",
                                    "size": 9,
                                    "sizes": []
                                },
                                "typography_font_weight": "700",
                                "__globals__": {
                                    "title_color": "",
                                    "typography_typography": ""
                                }
                            },
                            "elements": [],
                            "isInner": false,
                            "widgetType": "heading",
                            "elType": "widget"
                        },
                        {
                            "id": "70c3b68d",
                            "settings": {
                                "content_width": "full",
                                "width": {
                                    "unit": "%",
                                    "size": 70,
                                    "sizes": []
                                },
                                "background_background": "classic",
                                "border_width": {
                                    "unit": "px",
                                    "top": "1",
                                    "right": "1",
                                    "bottom": "1",
                                    "left": "1",
                                    "isLinked": true
                                },
                                "border_radius": {
                                    "unit": "px",
                                    "top": "40",
                                    "right": "40",
                                    "bottom": "40",
                                    "left": "40",
                                    "isLinked": true
                                },
                                "padding": {
                                    "unit": "px",
                                    "top": "30",
                                    "right": "30",
                                    "bottom": "30",
                                    "left": "30",
                                    "isLinked": true
                                },
                                "__globals__": {
                                    "background_color": "globals\/colors?id=20f4ca1",
                                    "border_color": "globals\/colors?id=3b5cda1"
                                }
                            },
                            "elements": [
                                {
                                    "id": "4e2938a9",
                                    "settings": {
                                        "form_name": "New Form",
                                        "form_fields": [
                                            {
                                                "custom_id": "email",
                                                "field_type": "email",
                                                "required": "true",
                                                "placeholder": "Email",
                                                "_id": "2918a7d"
                                            },
                                            {
                                                "custom_id": "message",
                                                "field_type": "password",
                                                "placeholder": "Password",
                                                "_id": "ecf93fc"
                                            },
                                            {
                                                "_id": "00b46d8",
                                                "field_type": "checkbox",
                                                "field_options": "Rememeber me",
                                                "custom_id": "field_00b46d8"
                                            }
                                        ],
                                        "step_next_label": "Next",
                                        "step_previous_label": "Previous",
                                        "button_text": "Log In",
                                        "email_content": "[all-fields]",
                                        "email_content_2": "[all-fields]",
                                        "success_message": "Your submission was successful.",
                                        "error_message": "Your submission failed because of an error.",
                                        "server_message": "Your submission failed because of a server error.",
                                        "invalid_message": "Your submission failed because the form is invalid.",
                                        "required_field_message": "This field is required.",
                                        "field_background_color": "#EEEEEE",
                                        "field_border_width": {
                                            "unit": "px",
                                            "top": "0",
                                            "right": "0",
                                            "bottom": "0",
                                            "left": "0",
                                            "isLinked": true
                                        },
                                        "field_border_radius": {
                                            "unit": "px",
                                            "top": "30",
                                            "right": "30",
                                            "bottom": "30",
                                            "left": "30",
                                            "isLinked": true
                                        },
                                        "_margin": {
                                            "unit": "px",
                                            "top": "15",
                                            "right": "0",
                                            "bottom": "0",
                                            "left": "0",
                                            "isLinked": false
                                        },
                                        "__globals__": {
                                            "button_background_color": "",
                                            "field_background_color": ""
                                        }
                                    },
                                    "elements": [],
                                    "isInner": false,
                                    "widgetType": "form",
                                    "elType": "widget"
                                }
                            ],
                            "isInner": true,
                            "elType": "container"
                        }
                    ],
                    "isInner": true,
                    "elType": "container"
                }
            ],
            "isInner": false,
            "elType": "container"
        }
    ]
}