{
    "version": "0.4",
    "title": "My Account",
    "type": "single-page",
    "metadata": {
        "template_type": "single-page",
        "include_in_zip": "1",
        "elementor_pro_required": "1",
        "elementor_library_type": "single-page",
        "elementor_pro_conditions": [
            "include\/singular\/page\/8"
        ],
        "additional_template_information": [
            "This is a \"Single Page\" template for Elementor Pro.",
            "This template will display on: Page #8."
        ],
        "wp_page_template": "default"
    },
    "content": [
        {
            "id": "7f76aa4",
            "settings": {
                "background_background": "classic",
                "background_image": {
                    "url": "http:\/\/eco.astylers.com\/bibishup\/wp-content\/uploads\/sites\/2\/2023\/12\/image18941-1.jpg",
                    "id": 1450,
                    "size": "",
                    "alt": "",
                    "source": "library"
                },
                "padding": {
                    "unit": "px",
                    "top": "180",
                    "right": "0",
                    "bottom": "40",
                    "left": "0",
                    "isLinked": false
                },
                "__globals__": {
                    "background_color": ""
                },
                "background_position": "center center",
                "background_ypos": {
                    "unit": "px",
                    "size": -380,
                    "sizes": []
                },
                "background_repeat": "no-repeat",
                "background_size": "cover",
                "padding_tablet": {
                    "unit": "px",
                    "top": "180",
                    "right": "20",
                    "bottom": "40",
                    "left": "20",
                    "isLinked": false
                }
            },
            "elements": [
                {
                    "id": "5081c1d8",
                    "settings": {
                        "title": "My Account",
                        "align": "center",
                        "__globals__": {
                            "title_color": ""
                        }
                    },
                    "elements": [],
                    "isInner": false,
                    "widgetType": "heading",
                    "elType": "widget"
                }
            ],
            "isInner": false,
            "elType": "container"
        },
        {
            "id": "2687f231",
            "settings": {
                "padding_tablet": {
                    "unit": "px",
                    "top": "0",
                    "right": "20",
                    "bottom": "0",
                    "left": "20",
                    "isLinked": false
                }
            },
            "elements": [
                {
                    "id": "2e780f7c",
                    "settings": {
                        "tabs_layout": "horizontal",
                        "tabs": [
                            {
                                "field_key": "dashboard",
                                "field_label": "Dashboard",
                                "tab_name": "Dashboard",
                                "_id": "fb820dd"
                            },
                            {
                                "field_key": "orders",
                                "field_label": "Orders",
                                "tab_name": "Orders",
                                "_id": "a04e228"
                            },
                            {
                                "field_key": "downloads",
                                "field_label": "Downloads",
                                "tab_name": "Downloads",
                                "_id": "73a89ca"
                            },
                            {
                                "field_key": "edit-address",
                                "field_label": "Addresses",
                                "tab_name": "Addresses",
                                "_id": "9944379"
                            },
                            {
                                "field_key": "edit-account",
                                "field_label": "Account Details",
                                "tab_name": "Account Details",
                                "_id": "70fb455"
                            },
                            {
                                "field_key": "customer-logout",
                                "field_label": "Logout",
                                "tab_name": "Logout",
                                "_id": "eeae52c"
                            }
                        ],
                        "tabs_typography_typography": "custom",
                        "tabs_typography_font_family": "Montserrat",
                        "tabs_typography_font_size": {
                            "unit": "rem",
                            "size": 1,
                            "sizes": []
                        },
                        "tabs_typography_font_weight": "500",
                        "tabs_typography_line_height": {
                            "unit": "em",
                            "size": 1.2,
                            "sizes": []
                        },
                        "tabs_normal_background_background": "classic",
                        "tabs_normal_background_color": "#F6985B",
                        "tabs_normal_color": "#FFFFFF",
                        "tabs_hover_color": "#FFFFFF",
                        "tabs_active_background_background": "classic",
                        "tabs_active_background_color": "#6DA4B0",
                        "tabs_active_color": "#FFFFFF",
                        "_margin": {
                            "unit": "px",
                            "top": "100",
                            "right": "0",
                            "bottom": "100",
                            "left": "0",
                            "isLinked": false
                        },
                        "__globals__": {
                            "tabs_typography_typography": "globals\/typography?id=9fa221a",
                            "tabs_normal_background_color": "globals\/colors?id=accent",
                            "tabs_normal_color": "globals\/colors?id=a2e875e",
                            "tabs_active_background_color": "globals\/colors?id=84ab9b4",
                            "tabs_active_color": "globals\/colors?id=a2e875e",
                            "tabs_hover_color": "globals\/colors?id=a2e875e",
                            "sections_border_color": ""
                        }
                    },
                    "elements": [],
                    "isInner": false,
                    "widgetType": "woocommerce-my-account",
                    "elType": "widget"
                }
            ],
            "isInner": false,
            "elType": "container"
        }
    ]
}