{
    "version": "0.4",
    "title": "Product Details",
    "type": "product",
    "metadata": {
        "template_type": "single-product",
        "include_in_zip": "1",
        "elementor_pro_required": "1",
        "elementor_library_type": "product",
        "elementor_pro_conditions": [
            "include\/product"
        ],
        "additional_template_information": [
            "This is a \"Product\" template for Elementor Pro.",
            "This template will display on: Products."
        ],
        "wp_page_template": "default"
    },
    "content": [
        {
            "id": "58d7f36",
            "settings": {
                "background_background": "classic",
                "background_image": {
                    "url": "http:\/\/eco.astylers.com\/bibishup\/wp-content\/uploads\/sites\/2\/2023\/12\/image18941-1.jpg",
                    "id": 1450,
                    "size": "",
                    "alt": "",
                    "source": "library"
                },
                "padding": {
                    "unit": "px",
                    "top": "180",
                    "right": "0",
                    "bottom": "40",
                    "left": "0",
                    "isLinked": false
                },
                "__globals__": {
                    "background_color": ""
                },
                "background_position": "center center",
                "background_ypos": {
                    "unit": "px",
                    "size": -380,
                    "sizes": []
                },
                "background_repeat": "no-repeat",
                "background_size": "cover",
                "padding_tablet": {
                    "unit": "px",
                    "top": "180",
                    "right": "20",
                    "bottom": "40",
                    "left": "20",
                    "isLinked": false
                }
            },
            "elements": [
                {
                    "id": "27e4b71e",
                    "settings": {
                        "title": "Product Details",
                        "align": "center",
                        "__globals__": {
                            "title_color": ""
                        }
                    },
                    "elements": [],
                    "isInner": false,
                    "widgetType": "heading",
                    "elType": "widget"
                }
            ],
            "isInner": false,
            "elType": "container"
        },
        {
            "id": "75ec1444",
            "settings": {
                "flex_direction": "row",
                "flex_gap": {
                    "unit": "px",
                    "size": 20,
                    "column": "20",
                    "row": "0"
                },
                "margin": {
                    "unit": "px",
                    "top": "100",
                    "right": "0",
                    "bottom": "100",
                    "left": "0",
                    "isLinked": false
                },
                "padding_tablet": {
                    "unit": "px",
                    "top": "0",
                    "right": "20",
                    "bottom": "0",
                    "left": "20",
                    "isLinked": false
                }
            },
            "elements": [
                {
                    "id": "53d825d",
                    "settings": {
                        "flex_direction": "column",
                        "content_width": "full",
                        "width": {
                            "unit": "%",
                            "size": "50"
                        },
                        "background_background": "classic",
                        "border_radius": {
                            "unit": "px",
                            "top": "40",
                            "right": "40",
                            "bottom": "40",
                            "left": "40",
                            "isLinked": true
                        },
                        "__globals__": {
                            "background_color": "globals\/colors?id=0c9653f"
                        }
                    },
                    "elements": [
                        {
                            "id": "7b292369",
                            "settings": {
                                "_background_background": "classic",
                                "__globals__": {
                                    "_background_color": ""
                                }
                            },
                            "elements": [],
                            "isInner": false,
                            "widgetType": "woocommerce-product-images",
                            "elType": "widget"
                        }
                    ],
                    "isInner": true,
                    "elType": "container"
                },
                {
                    "id": "38ef8d08",
                    "settings": {
                        "flex_direction": "column",
                        "content_width": "full",
                        "width": {
                            "unit": "%",
                            "size": "50"
                        }
                    },
                    "elements": [
                        {
                            "id": "77a951",
                            "settings": {
                                "__dynamic__": {
                                    "title": "[elementor-tag id=\"\" name=\"woocommerce-product-title-tag\" settings=\"%7B%22product_id%22%3Afalse%2C%22before%22%3A%22%22%2C%22after%22%3A%22%22%2C%22fallback%22%3A%22%22%7D\"]"
                                },
                                "title": "Add Your Heading Text Here",
                                "header_size": "h2"
                            },
                            "elements": [],
                            "isInner": false,
                            "widgetType": "woocommerce-product-title",
                            "elType": "widget"
                        },
                        {
                            "id": "68e4b6bf",
                            "settings": [],
                            "elements": [],
                            "isInner": false,
                            "widgetType": "woocommerce-breadcrumb",
                            "elType": "widget"
                        },
                        {
                            "id": "18cd1d90",
                            "settings": [],
                            "elements": [],
                            "isInner": false,
                            "widgetType": "woocommerce-product-short-description",
                            "elType": "widget"
                        },
                        {
                            "id": "2faaed8f",
                            "settings": [],
                            "elements": [],
                            "isInner": false,
                            "widgetType": "woocommerce-product-price",
                            "elType": "widget"
                        },
                        {
                            "id": "204b1420",
                            "settings": {
                                "button_typography_typography": "custom",
                                "button_typography_font_family": "Nunito Sans",
                                "button_typography_font_size": {
                                    "unit": "rem",
                                    "size": 0.9,
                                    "sizes": []
                                },
                                "button_typography_font_weight": "800",
                                "button_typography_text_transform": "uppercase",
                                "button_typography_letter_spacing": {
                                    "unit": "px",
                                    "size": 0.3,
                                    "sizes": []
                                },
                                "button_border_radius": {
                                    "unit": "px",
                                    "top": "30",
                                    "right": "30",
                                    "bottom": "30",
                                    "left": "30",
                                    "isLinked": true
                                },
                                "button_padding": {
                                    "unit": "px",
                                    "top": "15",
                                    "right": "25",
                                    "bottom": "15",
                                    "left": "25",
                                    "isLinked": false
                                },
                                "button_bg_color": "#F6985B",
                                "button_text_color_hover": "#FFFFFF",
                                "button_bg_color_hover": "#6DA4B0",
                                "quantity_border_border": "none",
                                "quantity_border_radius": {
                                    "unit": "px",
                                    "top": "10",
                                    "right": "10",
                                    "bottom": "10",
                                    "left": "10",
                                    "isLinked": true
                                },
                                "quantity_padding": {
                                    "unit": "px",
                                    "top": "10",
                                    "right": "10",
                                    "bottom": "10",
                                    "left": "10",
                                    "isLinked": true
                                },
                                "__globals__": {
                                    "button_bg_color": "globals\/colors?id=accent",
                                    "button_typography_typography": "globals\/typography?id=accent",
                                    "button_text_color_hover": "globals\/colors?id=a2e875e",
                                    "button_bg_color_hover": "globals\/colors?id=84ab9b4",
                                    "quantity_border_color": "",
                                    "quantity_typography_typography": "globals\/typography?id=accent",
                                    "quantity_bg_color": "globals\/colors?id=0c9653f"
                                }
                            },
                            "elements": [],
                            "isInner": false,
                            "widgetType": "woocommerce-product-add-to-cart",
                            "elType": "widget"
                        },
                        {
                            "id": "354e8ad6",
                            "settings": {
                                "text": "Divider",
                                "__globals__": {
                                    "color": "globals\/colors?id=3b5cda1"
                                }
                            },
                            "elements": [],
                            "isInner": false,
                            "widgetType": "divider",
                            "elType": "widget"
                        },
                        {
                            "id": "6f198988",
                            "settings": {
                                "share_buttons": [
                                    {
                                        "_id": "467b6b7"
                                    },
                                    {
                                        "button": "twitter",
                                        "_id": "7cb1114"
                                    },
                                    {
                                        "button": "pinterest",
                                        "_id": "0dbd451"
                                    },
                                    {
                                        "button": "whatsapp",
                                        "_id": "47ef2df"
                                    }
                                ],
                                "view": "icon",
                                "skin": "flat",
                                "shape": "circle",
                                "button_height": {
                                    "unit": "em",
                                    "size": 4.5,
                                    "sizes": []
                                },
                                "color_source": "custom",
                                "primary_color": "#6DA4B0",
                                "__globals__": {
                                    "primary_color": "globals\/colors?id=84ab9b4",
                                    "secondary_color": ""
                                }
                            },
                            "elements": [],
                            "isInner": false,
                            "widgetType": "share-buttons",
                            "elType": "widget"
                        }
                    ],
                    "isInner": true,
                    "elType": "container"
                }
            ],
            "isInner": false,
            "elType": "container"
        },
        {
            "id": "64d9117a",
            "settings": {
                "padding_tablet": {
                    "unit": "px",
                    "top": "0",
                    "right": "20",
                    "bottom": "0",
                    "left": "20",
                    "isLinked": false
                }
            },
            "elements": [
                {
                    "id": "7d83f915",
                    "settings": [],
                    "elements": [],
                    "isInner": false,
                    "widgetType": "woocommerce-product-data-tabs",
                    "elType": "widget"
                }
            ],
            "isInner": false,
            "elType": "container"
        },
        {
            "id": "53c5ca76",
            "settings": {
                "padding_tablet": {
                    "unit": "px",
                    "top": "0",
                    "right": "20",
                    "bottom": "0",
                    "left": "20",
                    "isLinked": false
                },
                "margin": {
                    "unit": "px",
                    "top": "0",
                    "right": "0",
                    "bottom": "100",
                    "left": "0",
                    "isLinked": false
                }
            },
            "elements": [
                {
                    "id": "4e212916",
                    "settings": {
                        "columns_mobile": 1,
                        "row_gap": {
                            "unit": "px",
                            "size": 20,
                            "sizes": []
                        },
                        "align": "center",
                        "image_spacing": {
                            "unit": "px",
                            "size": 8,
                            "sizes": []
                        },
                        "button_border_radius": {
                            "unit": "px",
                            "top": "30",
                            "right": "30",
                            "bottom": "30",
                            "left": "30",
                            "isLinked": true
                        },
                        "button_spacing": {
                            "unit": "px",
                            "size": 10,
                            "sizes": []
                        },
                        "box_border_radius": {
                            "unit": "px",
                            "size": 20,
                            "sizes": []
                        },
                        "box_padding": {
                            "unit": "px",
                            "top": "20",
                            "right": "20",
                            "bottom": "20",
                            "left": "20",
                            "isLinked": true
                        },
                        "onsale_typography_typography": "custom",
                        "onsale_typography_font_family": "Nunito Sans",
                        "onsale_typography_font_size": {
                            "unit": "rem",
                            "size": "",
                            "sizes": []
                        },
                        "onsale_typography_font_size_tablet": {
                            "unit": "em",
                            "size": "",
                            "sizes": []
                        },
                        "onsale_typography_font_size_mobile": {
                            "unit": "em",
                            "size": "",
                            "sizes": []
                        },
                        "onsale_typography_font_weight": "700",
                        "onsale_typography_line_height": {
                            "unit": "em",
                            "size": 1.2,
                            "sizes": []
                        },
                        "onsale_border_radius": {
                            "unit": "px",
                            "size": 8,
                            "sizes": []
                        },
                        "onsale_width": {
                            "unit": "px",
                            "size": 70,
                            "sizes": []
                        },
                        "onsale_height": {
                            "unit": "px",
                            "size": 32,
                            "sizes": []
                        },
                        "__globals__": {
                            "title_typography_typography": "globals\/typography?id=fd78c8f",
                            "price_color": "globals\/colors?id=3b5cda1",
                            "price_typography_typography": "globals\/typography?id=272e830",
                            "button_text_color": "globals\/colors?id=a2e875e",
                            "button_background_color": "globals\/colors?id=accent",
                            "box_bg_color": "globals\/colors?id=0c9653f",
                            "onsale_text_color": "globals\/colors?id=a2e875e",
                            "onsale_text_background_color": "globals\/colors?id=d1c733e"
                        }
                    },
                    "elements": [],
                    "isInner": false,
                    "widgetType": "woocommerce-product-related",
                    "elType": "widget"
                }
            ],
            "isInner": false,
            "elType": "container"
        }
    ]
}