{
    "version": "0.4",
    "title": "Product Archive",
    "type": "product-archive",
    "metadata": {
        "template_type": "archive-product",
        "include_in_zip": "1",
        "elementor_pro_required": "1",
        "elementor_library_type": "product-archive",
        "elementor_pro_conditions": [
            "include\/product_archive"
        ],
        "additional_template_information": [
            "This is a \"Product Archive\" template for Elementor Pro.",
            "This template will display on: All Product Archives."
        ],
        "wp_page_template": "default"
    },
    "content": [
        {
            "id": "2263086d",
            "settings": {
                "background_background": "classic",
                "background_image": {
                    "url": "http:\/\/eco.astylers.com\/bibishup\/wp-content\/uploads\/sites\/2\/2023\/12\/image18941-1.jpg",
                    "id": 1450,
                    "size": "",
                    "alt": "",
                    "source": "library"
                },
                "padding": {
                    "unit": "px",
                    "top": "180",
                    "right": "0",
                    "bottom": "40",
                    "left": "0",
                    "isLinked": false
                },
                "__globals__": {
                    "background_color": ""
                },
                "background_position": "center center",
                "background_ypos": {
                    "unit": "px",
                    "size": -380,
                    "sizes": []
                },
                "background_repeat": "no-repeat",
                "background_size": "cover",
                "padding_tablet": {
                    "unit": "px",
                    "top": "180",
                    "right": "20",
                    "bottom": "40",
                    "left": "20",
                    "isLinked": false
                }
            },
            "elements": [
                {
                    "id": "2ee67834",
                    "settings": {
                        "title": "Shop",
                        "align": "center",
                        "__globals__": {
                            "title_color": ""
                        }
                    },
                    "elements": [],
                    "isInner": false,
                    "widgetType": "heading",
                    "elType": "widget"
                }
            ],
            "isInner": false,
            "elType": "container"
        },
        {
            "id": "1cab007f",
            "settings": {
                "margin": {
                    "unit": "px",
                    "top": "100",
                    "right": "0",
                    "bottom": "100",
                    "left": "0",
                    "isLinked": false
                },
                "padding_tablet": {
                    "unit": "px",
                    "top": "0",
                    "right": "20",
                    "bottom": "0",
                    "left": "20",
                    "isLinked": false
                }
            },
            "elements": [
                {
                    "id": "55a43ee0",
                    "settings": {
                        "flex_direction": "row",
                        "flex_align_items": "center",
                        "background_background": "classic",
                        "border_width": {
                            "unit": "px",
                            "top": "1",
                            "right": "1",
                            "bottom": "1",
                            "left": "1",
                            "isLinked": true
                        },
                        "border_radius": {
                            "unit": "px",
                            "top": "40",
                            "right": "40",
                            "bottom": "40",
                            "left": "40",
                            "isLinked": true
                        },
                        "padding": {
                            "unit": "px",
                            "top": "30",
                            "right": "30",
                            "bottom": "30",
                            "left": "30",
                            "isLinked": true
                        },
                        "__globals__": {
                            "background_color": "globals\/colors?id=84ab9b4",
                            "border_color": "globals\/colors?id=3b5cda1"
                        },
                        "flex_direction_tablet": "column"
                    },
                    "elements": [
                        {
                            "id": "60604217",
                            "settings": {
                                "content_width": "full",
                                "width": {
                                    "unit": "%",
                                    "size": 33.3333,
                                    "sizes": []
                                },
                                "overflow": "hidden",
                                "width_tablet": {
                                    "unit": "%",
                                    "size": 100,
                                    "sizes": []
                                },
                                "width_mobile": {
                                    "unit": "%",
                                    "size": "",
                                    "sizes": []
                                }
                            },
                            "elements": [
                                {
                                    "id": "73c17c4",
                                    "settings": {
                                        "title": "LIMITED OFFERS",
                                        "header_size": "h3",
                                        "typography_font_family": "Grandstander",
                                        "typography_font_size": {
                                            "unit": "em",
                                            "size": 1.5,
                                            "sizes": []
                                        },
                                        "typography_font_size_tablet": {
                                            "unit": "em",
                                            "size": "",
                                            "sizes": []
                                        },
                                        "typography_font_size_mobile": {
                                            "unit": "em",
                                            "size": "",
                                            "sizes": []
                                        },
                                        "typography_font_weight": "700",
                                        "typography_text_transform": "uppercase",
                                        "typography_letter_spacing": {
                                            "unit": "px",
                                            "size": 0.5,
                                            "sizes": []
                                        },
                                        "__globals__": {
                                            "title_color": "globals\/colors?id=a2e875e"
                                        }
                                    },
                                    "elements": [],
                                    "isInner": false,
                                    "widgetType": "heading",
                                    "elType": "widget"
                                },
                                {
                                    "id": "5533651d",
                                    "settings": {
                                        "text": "Divider",
                                        "gap": {
                                            "unit": "px",
                                            "size": "",
                                            "sizes": []
                                        },
                                        "__globals__": {
                                            "color": "globals\/colors?id=0c9653f"
                                        }
                                    },
                                    "elements": [],
                                    "isInner": false,
                                    "widgetType": "divider",
                                    "elType": "widget"
                                },
                                {
                                    "id": "7fc75c37",
                                    "settings": {
                                        "title": "Lease Grab It Before It Runs Out",
                                        "typography_font_family": "Concert One",
                                        "typography_font_size": {
                                            "unit": "em",
                                            "size": "",
                                            "sizes": []
                                        },
                                        "typography_font_size_tablet": {
                                            "unit": "em",
                                            "size": "",
                                            "sizes": []
                                        },
                                        "typography_font_size_mobile": {
                                            "unit": "em",
                                            "size": "",
                                            "sizes": []
                                        },
                                        "typography_font_weight": "400",
                                        "typography_letter_spacing": {
                                            "unit": "px",
                                            "size": 0.5,
                                            "sizes": []
                                        },
                                        "__globals__": {
                                            "title_color": "globals\/colors?id=a2e875e"
                                        }
                                    },
                                    "elements": [],
                                    "isInner": false,
                                    "widgetType": "heading",
                                    "elType": "widget"
                                },
                                {
                                    "id": "6523d9e2",
                                    "settings": {
                                        "text": "Divider",
                                        "__globals__": {
                                            "color": "globals\/colors?id=20f4ca1"
                                        },
                                        "style": "parallelogram",
                                        "motion_fx_motion_fx_scrolling": "yes",
                                        "motion_fx_translateX_effect": "yes",
                                        "gap": {
                                            "unit": "px",
                                            "size": 2,
                                            "sizes": []
                                        }
                                    },
                                    "elements": [],
                                    "isInner": false,
                                    "widgetType": "divider",
                                    "elType": "widget"
                                },
                                {
                                    "id": "19fa3294",
                                    "settings": {
                                        "custom_labels": "yes",
                                        "label_days": "Days",
                                        "label_hours": "Hours",
                                        "label_minutes": "Minutes",
                                        "label_seconds": "Seconds",
                                        "container_width": {
                                            "unit": "%",
                                            "size": "",
                                            "sizes": []
                                        },
                                        "digits_typography_typography": "custom",
                                        "digits_typography_font_family": "Nunito",
                                        "digits_typography_font_size": {
                                            "unit": "em",
                                            "size": 2,
                                            "sizes": []
                                        },
                                        "digits_typography_font_size_tablet": {
                                            "unit": "em",
                                            "size": "",
                                            "sizes": []
                                        },
                                        "digits_typography_font_size_mobile": {
                                            "unit": "em",
                                            "size": "",
                                            "sizes": []
                                        },
                                        "digits_typography_font_weight": "700",
                                        "label_typography_typography": "custom",
                                        "label_typography_font_family": "Nunito",
                                        "label_typography_font_size": {
                                            "unit": "em",
                                            "size": 0.8,
                                            "sizes": []
                                        },
                                        "label_typography_font_size_tablet": {
                                            "unit": "em",
                                            "size": "",
                                            "sizes": []
                                        },
                                        "label_typography_font_size_mobile": {
                                            "unit": "em",
                                            "size": "",
                                            "sizes": []
                                        },
                                        "__globals__": {
                                            "digits_color": "globals\/colors?id=a2e875e",
                                            "label_color": "globals\/colors?id=primary",
                                            "box_background_color": ""
                                        },
                                        "due_date": "2024-04-03 09:43"
                                    },
                                    "elements": [],
                                    "isInner": false,
                                    "widgetType": "countdown",
                                    "elType": "widget"
                                }
                            ],
                            "isInner": true,
                            "elType": "container"
                        },
                        {
                            "id": "2b9a3fbf",
                            "settings": {
                                "content_width": "full",
                                "width": {
                                    "unit": "%",
                                    "size": 66.6666,
                                    "sizes": []
                                },
                                "width_tablet": {
                                    "unit": "%",
                                    "size": 100,
                                    "sizes": []
                                },
                                "width_mobile": {
                                    "unit": "%",
                                    "size": "",
                                    "sizes": []
                                }
                            },
                            "elements": [
                                {
                                    "id": "5258fc07",
                                    "settings": {
                                        "columns": 3,
                                        "rows": 1,
                                        "products_related_products_title_text": "Related Products",
                                        "products_upsells_title_text": "You may also like...",
                                        "products_cross_sells_title_text": "You may be interested in...",
                                        "align": "center",
                                        "box_border_radius": {
                                            "unit": "px",
                                            "size": 20,
                                            "sizes": []
                                        },
                                        "box_padding": {
                                            "unit": "px",
                                            "top": "20",
                                            "right": "20",
                                            "bottom": "20",
                                            "left": "20",
                                            "isLinked": true
                                        },
                                        "onsale_border_radius": {
                                            "unit": "px",
                                            "size": 8,
                                            "sizes": []
                                        },
                                        "onsale_width": {
                                            "unit": "px",
                                            "size": 70,
                                            "sizes": []
                                        },
                                        "onsale_height": {
                                            "unit": "px",
                                            "size": 32,
                                            "sizes": []
                                        },
                                        "__globals__": {
                                            "title_typography_typography": "globals\/typography?id=9fa221a",
                                            "box_bg_color": "globals\/colors?id=0c9653f",
                                            "star_color": "",
                                            "price_typography_typography": "globals\/typography?id=272e830",
                                            "old_price_typography_typography": "globals\/typography?id=272e830",
                                            "box_border_color": "",
                                            "price_color": "globals\/colors?id=primary",
                                            "old_price_color": "globals\/colors?id=3b5cda1",
                                            "button_background_color": "globals\/colors?id=accent",
                                            "button_text_color": "globals\/colors?id=a2e875e",
                                            "empty_star_color": "",
                                            "onsale_text_background_color": "globals\/colors?id=d1c733e",
                                            "button_typography_typography": "",
                                            "onsale_typography_typography": "",
                                            "onsale_text_color": "globals\/colors?id=a2e875e",
                                            "button_hover_background_color": "globals\/colors?id=84ab9b4",
                                            "button_hover_color": "globals\/colors?id=a2e875e"
                                        },
                                        "button_border_radius": {
                                            "unit": "px",
                                            "top": "30",
                                            "right": "30",
                                            "bottom": "30",
                                            "left": "30",
                                            "isLinked": true
                                        },
                                        "price_color": "#111111",
                                        "old_price_color": "#5A5A5A",
                                        "button_typography_font_family": "Nunito Sans",
                                        "button_typography_font_size": {
                                            "unit": "rem",
                                            "size": 0.9,
                                            "sizes": []
                                        },
                                        "button_typography_font_weight": "800",
                                        "button_typography_text_transform": "uppercase",
                                        "button_typography_letter_spacing": {
                                            "unit": "px",
                                            "size": 0.3,
                                            "sizes": []
                                        },
                                        "columns_tablet": 3,
                                        "image_spacing": {
                                            "unit": "px",
                                            "size": 8,
                                            "sizes": []
                                        },
                                        "star_size": {
                                            "unit": "px",
                                            "size": "",
                                            "sizes": []
                                        },
                                        "onsale_text_color": "#FFFFFF",
                                        "onsale_typography_typography": "custom",
                                        "onsale_typography_font_family": "Nunito Sans",
                                        "onsale_typography_font_size": {
                                            "unit": "rem",
                                            "size": 1,
                                            "sizes": []
                                        },
                                        "onsale_typography_font_weight": "700",
                                        "onsale_typography_line_height": {
                                            "unit": "em",
                                            "size": 1.2,
                                            "sizes": []
                                        },
                                        "query_post_type": "sale",
                                        "columns_mobile": 1,
                                        "row_gap": {
                                            "unit": "px",
                                            "size": 20,
                                            "sizes": []
                                        },
                                        "row_gap_tablet": {
                                            "unit": "px",
                                            "size": "",
                                            "sizes": []
                                        },
                                        "button_spacing": {
                                            "unit": "px",
                                            "size": 10,
                                            "sizes": []
                                        },
                                        "button_hover_background_color": "#C9D2E3",
                                        "box_bg_color": "#F2F7F8",
                                        "onsale_text_background_color": "#0C0C12",
                                        "row_gap_mobile": {
                                            "unit": "px",
                                            "size": 20,
                                            "sizes": []
                                        }
                                    },
                                    "elements": [],
                                    "isInner": false,
                                    "widgetType": "woocommerce-products",
                                    "elType": "widget"
                                }
                            ],
                            "isInner": true,
                            "elType": "container"
                        }
                    ],
                    "isInner": true,
                    "elType": "container"
                }
            ],
            "isInner": false,
            "elType": "container"
        },
        {
            "id": "523e089d",
            "settings": {
                "margin": {
                    "unit": "px",
                    "top": "100",
                    "right": "0",
                    "bottom": "40",
                    "left": "0",
                    "isLinked": false
                },
                "padding_tablet": {
                    "unit": "px",
                    "top": "0",
                    "right": "20",
                    "bottom": "0",
                    "left": "20",
                    "isLinked": false
                }
            },
            "elements": [
                {
                    "id": "4a0e1f0",
                    "settings": {
                        "title": "Recent Products",
                        "typography_font_family": "Grandstander"
                    },
                    "elements": [],
                    "isInner": false,
                    "widgetType": "heading",
                    "elType": "widget"
                }
            ],
            "isInner": false,
            "elType": "container"
        },
        {
            "id": "5ebe58aa",
            "settings": {
                "padding_tablet": {
                    "unit": "px",
                    "top": "0",
                    "right": "20",
                    "bottom": "0",
                    "left": "20",
                    "isLinked": false
                }
            },
            "elements": [
                {
                    "id": "39169758",
                    "settings": {
                        "columns_tablet": 3,
                        "columns_mobile": 1,
                        "rows": 2,
                        "products_related_products_title_text": "Related Products",
                        "products_upsells_title_text": "You may also like...",
                        "products_cross_sells_title_text": "You may be interested in...",
                        "row_gap": {
                            "unit": "px",
                            "size": 20,
                            "sizes": []
                        },
                        "row_gap_tablet": {
                            "unit": "px",
                            "size": "",
                            "sizes": []
                        },
                        "row_gap_mobile": {
                            "unit": "px",
                            "size": "",
                            "sizes": []
                        },
                        "align": "center",
                        "image_spacing": {
                            "unit": "px",
                            "size": 8,
                            "sizes": []
                        },
                        "price_color": "#5A5A5A",
                        "old_price_typography_typography": "custom",
                        "old_price_typography_font_family": "Nunito",
                        "old_price_typography_font_size": {
                            "unit": "rem",
                            "size": 1.125,
                            "sizes": []
                        },
                        "old_price_typography_font_weight": "600",
                        "old_price_typography_line_height": {
                            "unit": "em",
                            "size": 1.3,
                            "sizes": []
                        },
                        "button_text_color": "#FFFFFF",
                        "button_background_color": "#F6985B",
                        "button_typography_font_family": "Nunito Sans",
                        "button_typography_font_size": {
                            "unit": "rem",
                            "size": 1.063,
                            "sizes": []
                        },
                        "button_typography_font_weight": "500",
                        "button_typography_line_height": {
                            "unit": "em",
                            "size": 1.2,
                            "sizes": []
                        },
                        "button_hover_background_color": "#6DA4B0",
                        "button_border_radius": {
                            "unit": "px",
                            "top": "30",
                            "right": "30",
                            "bottom": "30",
                            "left": "30",
                            "isLinked": true
                        },
                        "button_spacing": {
                            "unit": "px",
                            "size": 10,
                            "sizes": []
                        },
                        "box_border_radius": {
                            "unit": "px",
                            "size": 20,
                            "sizes": []
                        },
                        "box_padding": {
                            "unit": "px",
                            "top": "20",
                            "right": "20",
                            "bottom": "20",
                            "left": "20",
                            "isLinked": true
                        },
                        "show_onsale_flash": "",
                        "onsale_text_color": "#111111",
                        "onsale_text_background_color": "#8ACDD7",
                        "onsale_typography_typography": "custom",
                        "onsale_typography_font_family": "Montserrat",
                        "onsale_typography_font_size": {
                            "unit": "rem",
                            "size": 1.063,
                            "sizes": []
                        },
                        "onsale_typography_font_weight": "500",
                        "onsale_typography_line_height": {
                            "unit": "em",
                            "size": 1.2,
                            "sizes": []
                        },
                        "onsale_border_radius": {
                            "unit": "px",
                            "size": 10,
                            "sizes": []
                        },
                        "onsale_width": {
                            "unit": "px",
                            "size": 70,
                            "sizes": []
                        },
                        "onsale_height": {
                            "unit": "px",
                            "size": 40,
                            "sizes": []
                        },
                        "onsale_distance": {
                            "unit": "px",
                            "size": 0,
                            "sizes": []
                        },
                        "__globals__": {
                            "title_typography_typography": "globals\/typography?id=272e830",
                            "box_bg_color": "globals\/colors?id=0c9653f",
                            "star_color": "",
                            "price_typography_typography": "globals\/typography?id=272e830",
                            "old_price_typography_typography": "",
                            "box_border_color": "globals\/colors?id=primary",
                            "price_color": "globals\/colors?id=3b5cda1",
                            "old_price_color": "",
                            "button_background_color": "globals\/colors?id=accent",
                            "button_text_color": "globals\/colors?id=a2e875e",
                            "empty_star_color": "",
                            "onsale_text_background_color": "",
                            "button_typography_typography": "",
                            "onsale_typography_typography": "globals\/typography?id=272e830",
                            "onsale_text_color": "globals\/colors?id=primary",
                            "button_hover_background_color": "globals\/colors?id=84ab9b4",
                            "button_hover_color": "globals\/colors?id=a2e875e",
                            "pagination_link_color": "",
                            "pagination_link_bg_color": ""
                        },
                        "paginate": "yes",
                        "title_typography_typography": "custom",
                        "title_typography_font_family": "Montserrat",
                        "title_typography_font_size": {
                            "unit": "rem",
                            "size": 1.125,
                            "sizes": []
                        },
                        "title_typography_font_weight": "500",
                        "title_typography_line_height": {
                            "unit": "em",
                            "size": 1.3,
                            "sizes": []
                        },
                        "button_hover_color": "#FFFFFF",
                        "box_bg_color": "#F2F7F8",
                        "box_border_color": "#111111",
                        "pagination_padding": {
                            "unit": "px",
                            "size": 15,
                            "sizes": []
                        }
                    },
                    "elements": [],
                    "isInner": false,
                    "widgetType": "woocommerce-products",
                    "elType": "widget"
                }
            ],
            "isInner": false,
            "elType": "container"
        },
        {
            "id": "6c940944",
            "settings": {
                "flex_direction": "row",
                "flex_gap": {
                    "unit": "px",
                    "size": 0,
                    "column": "0",
                    "row": "0"
                },
                "border_radius": {
                    "unit": "px",
                    "top": "0",
                    "right": "0",
                    "bottom": "40",
                    "left": "40",
                    "isLinked": false
                },
                "z_index": 1,
                "__globals__": {
                    "background_color": "globals\/colors?id=0c9653f"
                },
                "animation": "fadeInUp",
                "padding_tablet": {
                    "unit": "px",
                    "top": "30",
                    "right": "20",
                    "bottom": "30",
                    "left": "20",
                    "isLinked": false
                },
                "margin": {
                    "unit": "px",
                    "top": "100",
                    "right": "0",
                    "bottom": "100",
                    "left": "0",
                    "isLinked": false
                },
                "background_background": "classic",
                "padding": {
                    "unit": "px",
                    "top": "30",
                    "right": "0",
                    "bottom": "30",
                    "left": "0",
                    "isLinked": false
                }
            },
            "elements": [
                {
                    "id": "6ef62e80",
                    "settings": {
                        "flex_direction": "column",
                        "content_width": "full",
                        "width": {
                            "unit": "%",
                            "size": "25"
                        },
                        "width_tablet": {
                            "unit": "%",
                            "size": "",
                            "sizes": []
                        },
                        "width_mobile": {
                            "unit": "%",
                            "size": "",
                            "sizes": []
                        }
                    },
                    "elements": [
                        {
                            "id": "56ce286d",
                            "settings": {
                                "title_text": "Quality Control",
                                "description_text": "Lorem ipsum dolor sit amet, consectetur adipiscing elit.",
                                "__globals__": {
                                    "primary_color": "globals\/colors?id=84ab9b4",
                                    "hover_primary_color": ""
                                },
                                "primary_color": "#92A8D1",
                                "_margin_mobile": {
                                    "unit": "px",
                                    "top": "0",
                                    "right": "0",
                                    "bottom": "20",
                                    "left": "0",
                                    "isLinked": false
                                },
                                "selected_icon": {
                                    "value": "fas fa-check",
                                    "library": "fa-solid"
                                }
                            },
                            "elements": [],
                            "isInner": false,
                            "widgetType": "icon-box",
                            "elType": "widget"
                        }
                    ],
                    "isInner": true,
                    "elType": "container"
                },
                {
                    "id": "5da94378",
                    "settings": {
                        "flex_direction": "column",
                        "content_width": "full",
                        "width": {
                            "unit": "%",
                            "size": "25"
                        },
                        "width_tablet": {
                            "unit": "%",
                            "size": "",
                            "sizes": []
                        },
                        "width_mobile": {
                            "unit": "%",
                            "size": "",
                            "sizes": []
                        }
                    },
                    "elements": [
                        {
                            "id": "66a56ed5",
                            "settings": {
                                "title_text": "Fast Delivery",
                                "description_text": "Lorem ipsum dolor sit amet, consectetur adipiscing elit.",
                                "__globals__": {
                                    "primary_color": "globals\/colors?id=84ab9b4"
                                },
                                "_margin_mobile": {
                                    "unit": "px",
                                    "top": "0",
                                    "right": "0",
                                    "bottom": "20",
                                    "left": "0",
                                    "isLinked": false
                                },
                                "selected_icon": {
                                    "value": "fas fa-shipping-fast",
                                    "library": "fa-solid"
                                }
                            },
                            "elements": [],
                            "isInner": false,
                            "widgetType": "icon-box",
                            "elType": "widget"
                        }
                    ],
                    "isInner": true,
                    "elType": "container"
                },
                {
                    "id": "4a36ded4",
                    "settings": {
                        "flex_direction": "column",
                        "content_width": "full",
                        "width": {
                            "unit": "%",
                            "size": "25"
                        },
                        "width_tablet": {
                            "unit": "%",
                            "size": "",
                            "sizes": []
                        },
                        "width_mobile": {
                            "unit": "%",
                            "size": "",
                            "sizes": []
                        }
                    },
                    "elements": [
                        {
                            "id": "479c871b",
                            "settings": {
                                "title_text": "Original Product",
                                "description_text": "Lorem ipsum dolor sit amet, consectetur adipiscing elit.",
                                "__globals__": {
                                    "primary_color": "globals\/colors?id=84ab9b4"
                                },
                                "_margin_mobile": {
                                    "unit": "px",
                                    "top": "0",
                                    "right": "0",
                                    "bottom": "20",
                                    "left": "0",
                                    "isLinked": false
                                },
                                "selected_icon": {
                                    "value": "fas fa-award",
                                    "library": "fa-solid"
                                }
                            },
                            "elements": [],
                            "isInner": false,
                            "widgetType": "icon-box",
                            "elType": "widget"
                        }
                    ],
                    "isInner": true,
                    "elType": "container"
                },
                {
                    "id": "708ffb9f",
                    "settings": {
                        "flex_direction": "column",
                        "content_width": "full",
                        "width": {
                            "unit": "%",
                            "size": "25"
                        },
                        "width_tablet": {
                            "unit": "%",
                            "size": "",
                            "sizes": []
                        },
                        "width_mobile": {
                            "unit": "%",
                            "size": "",
                            "sizes": []
                        }
                    },
                    "elements": [
                        {
                            "id": "2fd26f20",
                            "settings": {
                                "title_text": "Support 24\/7",
                                "description_text": "Lorem ipsum dolor sit amet, consectetur adipiscing elit.",
                                "__globals__": {
                                    "primary_color": "globals\/colors?id=84ab9b4"
                                },
                                "selected_icon": {
                                    "value": "fas fa-headset",
                                    "library": "fa-solid"
                                }
                            },
                            "elements": [],
                            "isInner": false,
                            "widgetType": "icon-box",
                            "elType": "widget"
                        }
                    ],
                    "isInner": true,
                    "elType": "container"
                }
            ],
            "isInner": false,
            "elType": "container"
        },
        {
            "id": "242fcb1b",
            "settings": {
                "flex_direction": "row",
                "flex_gap": {
                    "unit": "px",
                    "size": 20,
                    "column": "20",
                    "row": "0"
                },
                "margin": {
                    "unit": "px",
                    "top": "100",
                    "right": "0",
                    "bottom": "100",
                    "left": "0",
                    "isLinked": false
                },
                "padding_tablet": {
                    "unit": "px",
                    "top": "0",
                    "right": "20",
                    "bottom": "0",
                    "left": "20",
                    "isLinked": false
                }
            },
            "elements": [
                {
                    "id": "1e5d59ae",
                    "settings": {
                        "flex_direction": "column",
                        "content_width": "full",
                        "width": {
                            "unit": "%",
                            "size": "66.6666"
                        }
                    },
                    "elements": [
                        {
                            "id": "76d8cfa6",
                            "settings": {
                                "title": "Featured Products",
                                "typography_font_family": "Grandstander",
                                "_margin": {
                                    "unit": "px",
                                    "top": "0",
                                    "right": "0",
                                    "bottom": "30",
                                    "left": "0",
                                    "isLinked": false
                                }
                            },
                            "elements": [],
                            "isInner": false,
                            "widgetType": "heading",
                            "elType": "widget"
                        },
                        {
                            "id": "2dc6bb60",
                            "settings": {
                                "columns_tablet": 3,
                                "columns_mobile": 1,
                                "rows": 1,
                                "products_related_products_title_text": "Related Products",
                                "products_upsells_title_text": "You may also like...",
                                "products_cross_sells_title_text": "You may be interested in...",
                                "row_gap": {
                                    "unit": "px",
                                    "size": 20,
                                    "sizes": []
                                },
                                "row_gap_tablet": {
                                    "unit": "px",
                                    "size": "",
                                    "sizes": []
                                },
                                "row_gap_mobile": {
                                    "unit": "px",
                                    "size": "",
                                    "sizes": []
                                },
                                "align": "center",
                                "image_spacing": {
                                    "unit": "px",
                                    "size": 8,
                                    "sizes": []
                                },
                                "price_color": "#F7C9C9",
                                "old_price_typography_typography": "custom",
                                "old_price_typography_font_family": "Nunito",
                                "old_price_typography_font_size": {
                                    "unit": "rem",
                                    "size": 1.125,
                                    "sizes": []
                                },
                                "old_price_typography_font_weight": "600",
                                "old_price_typography_line_height": {
                                    "unit": "em",
                                    "size": 1.3,
                                    "sizes": []
                                },
                                "button_text_color": "#111111",
                                "button_background_color": "#92A8D1",
                                "button_typography_font_family": "Nunito Sans",
                                "button_typography_font_size": {
                                    "unit": "rem",
                                    "size": 1.063,
                                    "sizes": []
                                },
                                "button_typography_font_weight": "500",
                                "button_typography_line_height": {
                                    "unit": "em",
                                    "size": 1.2,
                                    "sizes": []
                                },
                                "button_hover_background_color": "#F7C9C9",
                                "button_border_radius": {
                                    "unit": "px",
                                    "top": "30",
                                    "right": "30",
                                    "bottom": "30",
                                    "left": "30",
                                    "isLinked": true
                                },
                                "button_spacing": {
                                    "unit": "px",
                                    "size": 10,
                                    "sizes": []
                                },
                                "box_border_radius": {
                                    "unit": "px",
                                    "size": 20,
                                    "sizes": []
                                },
                                "box_padding": {
                                    "unit": "px",
                                    "top": "20",
                                    "right": "20",
                                    "bottom": "20",
                                    "left": "20",
                                    "isLinked": true
                                },
                                "show_onsale_flash": "",
                                "onsale_text_color": "#111111",
                                "onsale_text_background_color": "#8ACDD7",
                                "onsale_typography_typography": "custom",
                                "onsale_typography_font_family": "Nunito Sans",
                                "onsale_typography_font_size": {
                                    "unit": "rem",
                                    "size": 1.063,
                                    "sizes": []
                                },
                                "onsale_typography_font_weight": "500",
                                "onsale_typography_line_height": {
                                    "unit": "em",
                                    "size": 1.2,
                                    "sizes": []
                                },
                                "onsale_border_radius": {
                                    "unit": "px",
                                    "size": 10,
                                    "sizes": []
                                },
                                "onsale_width": {
                                    "unit": "px",
                                    "size": 70,
                                    "sizes": []
                                },
                                "onsale_height": {
                                    "unit": "px",
                                    "size": 40,
                                    "sizes": []
                                },
                                "onsale_distance": {
                                    "unit": "px",
                                    "size": 0,
                                    "sizes": []
                                },
                                "__globals__": {
                                    "title_typography_typography": "globals\/typography?id=fd78c8f",
                                    "box_bg_color": "globals\/colors?id=0c9653f",
                                    "star_color": "",
                                    "price_typography_typography": "globals\/typography?id=272e830",
                                    "old_price_typography_typography": "",
                                    "box_border_color": "globals\/colors?id=primary",
                                    "price_color": "globals\/colors?id=3b5cda1",
                                    "old_price_color": "",
                                    "button_background_color": "globals\/colors?id=accent",
                                    "button_text_color": "globals\/colors?id=a2e875e",
                                    "empty_star_color": "",
                                    "onsale_text_background_color": "",
                                    "button_typography_typography": "",
                                    "onsale_typography_typography": "globals\/typography?id=272e830",
                                    "onsale_text_color": "globals\/colors?id=primary",
                                    "button_hover_background_color": "globals\/colors?id=84ab9b4",
                                    "button_hover_color": "globals\/colors?id=a2e875e"
                                },
                                "columns": 3
                            },
                            "elements": [],
                            "isInner": false,
                            "widgetType": "woocommerce-products",
                            "elType": "widget"
                        }
                    ],
                    "isInner": true,
                    "elType": "container"
                },
                {
                    "id": "373dde2d",
                    "settings": {
                        "flex_direction": "column",
                        "content_width": "full",
                        "width": {
                            "unit": "%",
                            "size": "33.3333"
                        },
                        "background_background": "classic",
                        "background_image": {
                            "url": "http:\/\/eco.astylers.com\/bibishup\/wp-content\/uploads\/sites\/2\/2023\/11\/image1019-1.jpg",
                            "id": 1311,
                            "size": "",
                            "alt": "",
                            "source": "library"
                        },
                        "background_position": "center center",
                        "background_repeat": "no-repeat",
                        "background_size": "cover",
                        "border_radius": {
                            "unit": "px",
                            "top": "40",
                            "right": "40",
                            "bottom": "40",
                            "left": "40",
                            "isLinked": true
                        }
                    },
                    "elements": [
                        {
                            "id": "2a9be703",
                            "settings": [],
                            "elements": [],
                            "isInner": false,
                            "widgetType": "spacer",
                            "elType": "widget"
                        }
                    ],
                    "isInner": true,
                    "elType": "container"
                }
            ],
            "isInner": false,
            "elType": "container"
        },
        {
            "id": "1f0cf536",
            "settings": {
                "flex_direction": "row",
                "flex_gap": {
                    "unit": "px",
                    "size": 20,
                    "column": "20",
                    "row": "0"
                },
                "padding_tablet": {
                    "unit": "px",
                    "top": "0",
                    "right": "20",
                    "bottom": "0",
                    "left": "20",
                    "isLinked": false
                },
                "margin": {
                    "unit": "px",
                    "top": "0",
                    "right": "0",
                    "bottom": "100",
                    "left": "0",
                    "isLinked": false
                }
            },
            "elements": [
                {
                    "id": "32302adc",
                    "settings": {
                        "flex_direction": "column",
                        "content_width": "full",
                        "width": {
                            "unit": "%",
                            "size": "50"
                        },
                        "background_background": "classic",
                        "background_image": {
                            "url": "http:\/\/eco.astylers.com\/bibishup\/wp-content\/uploads\/sites\/2\/2024\/01\/banner-revisi1.jpg",
                            "id": 1381,
                            "size": "",
                            "alt": "",
                            "source": "library"
                        },
                        "background_position": "center center",
                        "background_repeat": "no-repeat",
                        "background_size": "cover",
                        "border_radius": {
                            "unit": "px",
                            "top": "20",
                            "right": "20",
                            "bottom": "20",
                            "left": "20",
                            "isLinked": true
                        },
                        "padding": {
                            "unit": "px",
                            "top": "30",
                            "right": "30",
                            "bottom": "30",
                            "left": "30",
                            "isLinked": true
                        }
                    },
                    "elements": [
                        {
                            "id": "68225b1",
                            "settings": {
                                "title": "UP TO 20% OFF",
                                "header_size": "h3"
                            },
                            "elements": [],
                            "isInner": false,
                            "widgetType": "heading",
                            "elType": "widget"
                        },
                        {
                            "id": "1b85c5ad",
                            "settings": {
                                "title": "Baby Care"
                            },
                            "elements": [],
                            "isInner": false,
                            "widgetType": "heading",
                            "elType": "widget"
                        },
                        {
                            "id": "784fe96c",
                            "settings": {
                                "text": "Shop Now"
                            },
                            "elements": [],
                            "isInner": false,
                            "widgetType": "button",
                            "elType": "widget"
                        }
                    ],
                    "isInner": true,
                    "elType": "container"
                },
                {
                    "id": "d74661d",
                    "settings": {
                        "flex_direction": "column",
                        "content_width": "full",
                        "width": {
                            "unit": "%",
                            "size": "50"
                        },
                        "background_background": "classic",
                        "background_image": {
                            "url": "http:\/\/eco.astylers.com\/bibishup\/wp-content\/uploads\/sites\/2\/2024\/01\/banner-revisi3.jpg",
                            "id": 1379,
                            "size": "",
                            "alt": "",
                            "source": "library"
                        },
                        "background_position": "center center",
                        "background_repeat": "no-repeat",
                        "background_size": "cover",
                        "border_radius": {
                            "unit": "px",
                            "top": "20",
                            "right": "20",
                            "bottom": "20",
                            "left": "20",
                            "isLinked": true
                        },
                        "padding": {
                            "unit": "px",
                            "top": "30",
                            "right": "50",
                            "bottom": "20",
                            "left": "20",
                            "isLinked": false
                        }
                    },
                    "elements": [
                        {
                            "id": "454f7ce1",
                            "settings": {
                                "title": "UP TO 20% OFF",
                                "header_size": "h3"
                            },
                            "elements": [],
                            "isInner": false,
                            "widgetType": "heading",
                            "elType": "widget"
                        },
                        {
                            "id": "76f11a9b",
                            "settings": {
                                "title": "Baby Dress"
                            },
                            "elements": [],
                            "isInner": false,
                            "widgetType": "heading",
                            "elType": "widget"
                        },
                        {
                            "id": "65c465ae",
                            "settings": {
                                "text": "Shop Now"
                            },
                            "elements": [],
                            "isInner": false,
                            "widgetType": "button",
                            "elType": "widget"
                        }
                    ],
                    "isInner": true,
                    "elType": "container"
                },
                {
                    "id": "60babb91",
                    "settings": {
                        "flex_direction": "column",
                        "content_width": "full",
                        "width": {
                            "unit": "%",
                            "size": "50"
                        },
                        "background_background": "classic",
                        "background_image": {
                            "url": "http:\/\/eco.astylers.com\/bibishup\/wp-content\/uploads\/sites\/2\/2024\/01\/banner3.jpg",
                            "id": 1380,
                            "size": "",
                            "alt": "",
                            "source": "library"
                        },
                        "background_position": "center center",
                        "background_repeat": "no-repeat",
                        "background_size": "cover",
                        "border_radius": {
                            "unit": "px",
                            "top": "20",
                            "right": "20",
                            "bottom": "20",
                            "left": "20",
                            "isLinked": true
                        },
                        "padding": {
                            "unit": "px",
                            "top": "30",
                            "right": "50",
                            "bottom": "20",
                            "left": "20",
                            "isLinked": false
                        }
                    },
                    "elements": [
                        {
                            "id": "332a169d",
                            "settings": {
                                "title": "UP TO 20% OFF",
                                "header_size": "h3"
                            },
                            "elements": [],
                            "isInner": false,
                            "widgetType": "heading",
                            "elType": "widget"
                        },
                        {
                            "id": "5d22d120",
                            "settings": {
                                "title": "Baby Stroller"
                            },
                            "elements": [],
                            "isInner": false,
                            "widgetType": "heading",
                            "elType": "widget"
                        },
                        {
                            "id": "1abeadfc",
                            "settings": {
                                "text": "Shop Now"
                            },
                            "elements": [],
                            "isInner": false,
                            "widgetType": "button",
                            "elType": "widget"
                        }
                    ],
                    "isInner": true,
                    "elType": "container"
                }
            ],
            "isInner": false,
            "elType": "container"
        }
    ]
}